Query,Query RR,Query Expanded,Expanded Query RR,Out,شباهت با Query,خروجی برای Query Expanded,شباهت با Query Expanded
"q1 = ""الحمد لله""",1,"q1 = ""الحمد لله العالمين رب""",1,,,,
,,,,الْحَمْدُ لِلَّهِ رَبِّ الْعَالَمِينَ,0.706,الْحَمْدُ لِلَّهِ رَبِّ الْعَالَمِينَ,0.925
,,,,وَ الْحَمْدُ لِلَّهِ رَبِّ الْعَالَمِينَ,0.684,وَ الْحَمْدُ لِلَّهِ رَبِّ الْعَالَمِينَ,0.877
,,,,فَقُطِعَ دَابِرُ الْقَوْمِ الَّذِينَ ظَلَمُوا وَ الْحَمْدُ لِلَّهِ رَبِّ الْعَالَمِينَ,0.623,فَقُطِعَ دَابِرُ الْقَوْمِ الَّذِينَ ظَلَمُوا وَ الْحَمْدُ لِلَّهِ رَبِّ الْعَالَمِينَ,0.765
,,,,سَلَامٌ عَلَىٰ إِبْرَاهِيمَ,0.617,فَلِلَّهِ الْحَمْدُ رَبِّ السَّمَاوَاتِ وَ رَبِّ الْأَرْضِ رَبِّ الْعَالَمِينَ,0.758
,,,,تَنْزِيلٌ مِنَ الرَّحْمَنِ الرَّحِيمِ,0.601,هُوَ الْحَيُّ لَا إِلَهَ إِلَّا هُوَ فَادْعُوهُ مُخْلِصِينَ لَهُ الدِّينَ الْحَمْدُ لِلَّهِ رَبِّ الْعَالَمِينَ,0.713
,,,,بِسْمِ اللَّهِ الرَّحْمَنِ الرَّحِيمِ,0.6,تَنْزِيلٌ مِنْ رَبِّ الْعَالَمِينَ,0.688
,,,,وَ قَالُوا الْحَمْدُ لِلَّهِ الَّذِي أَذْهَبَ عَنَّا الْحَزَنَ إِنَّ رَبَّنَا لَغَفُورٌ شَكُورٌ,0.59,تَنْزِيلٌ مِنْ رَبِّ الْعَالَمِينَ,0.688
,,,,قُلْ هُوَ اللَّهُ أَحَدٌ,0.589,دَعْوَاهُمْ فِيهَا سُبْحَانَكَ اللَّهُمَّ وَ تَحِيَّتُهُمْ فِيهَا سَلَامٌ وَ آخِرُ دَعْوَاهُمْ أَنِ الْحَمْدُ لِلَّهِ رَبِّ الْعَالَمِينَ,0.681
,,,,وَ يَسِّرْ لِي أَمْرِي,0.586,قَالُوا آمَنَّا بِرَبِّ الْعَالَمِينَ,0.673
,,,,دَعْوَاهُمْ فِيهَا سُبْحَانَكَ اللَّهُمَّ وَ تَحِيَّتُهُمْ فِيهَا سَلَامٌ وَ آخِرُ دَعْوَاهُمْ أَنِ الْحَمْدُ لِلَّهِ رَبِّ الْعَالَمِينَ,0.585,قَالُوا آمَنَّا بِرَبِّ الْعَالَمِينَ,0.673
"q2 = ""فرعون موسی""",1,"q2 = ""فرعون موسي الي طغي""",1,,,,
,,,,فِرْعَوْنَ وَ ثَمُودَ,0.805,اذْهَبْ إِلَىٰ فِرْعَوْنَ إِنَّهُ طَغَىٰ,0.841
,,,,رَبِّ مُوسَىٰ وَ هَارُونَ,0.76,اذْهَبْ إِلَىٰ فِرْعَوْنَ إِنَّهُ طَغَىٰ,0.841
,,,,رَبِّ مُوسَىٰ وَ هَارُونَ,0.76,اذْهَبَا إِلَىٰ فِرْعَوْنَ إِنَّهُ طَغَىٰ,0.841
,,,,وَ عَادٌ وَ فِرْعَوْنُ وَ إِخْوَانُ لُوطٍ,0.748,فَتَوَلَّىٰ فِرْعَوْنُ فَجَمَعَ كَيْدَهُ ثُمَّ أَتَىٰ,0.764
,,,,وَ مَا تِلْكَ بِيَمِينِكَ يَا مُوسَىٰ,0.743,أَ تَوَاصَوْا بِهِ بَلْ هُمْ قَوْمٌ طَاغُونَ,0.752
,,,,وَ لَقَدْ مَنَنَّا عَلَىٰ مُوسَىٰ وَ هَارُونَ,0.704,فَأَمَّا ثَمُودُ فَأُهْلِكُوا بِالطَّاغِيَةِ,0.745
,,,,وَ فِرْعَوْنَ ذِي الْأَوْتَادِ,0.695,هُوَ يُحْيِي وَ يُمِيتُ وَ إِلَيْهِ تُرْجَعُونَ,0.739
,,,,هَلْ أَتَاكَ حَدِيثُ مُوسَىٰ,0.692,وَ مَا كَانَ لَنَا عَلَيْكُمْ مِنْ سُلْطَانٍ بَلْ كُنْتُمْ قَوْمًا طَاغِينَ,0.732
,,,,وَ هَلْ أَتَاكَ حَدِيثُ مُوسَىٰ,0.692,وَ عَادٌ وَ فِرْعَوْنُ وَ إِخْوَانُ لُوطٍ,0.731
,,,,قَالَ فَمَنْ رَبُّكُمَا يَا مُوسَىٰ,0.692,وَ لَقَدْ مَنَنَّا عَلَىٰ مُوسَىٰ وَ هَارُونَ,0.731
"q3 = ""رب العالمين""",1,"q3 = ""رب العالمين اجري اسالكم""",0.33,,,,
,,,,فَمَا ظَنُّكُمْ بِرَبِّ الْعَالَمِينَ,0.718,فَوَ رَبِّكَ لَنَسْأَلَنَّهُمْ أَجْمَعِينَ,0.719
,,,,قَالُوا آمَنَّا بِرَبِّ الْعَالَمِينَ,0.705,فَإِنْ تَوَلَّيْتُمْ فَمَا سَأَلْتُكُمْ مِنْ أَجْرٍ إِنْ أَجْرِيَ إِلَّا عَلَى اللَّهِ وَ أُمِرْتُ أَنْ أَكُونَ مِنَ الْمُسْلِمِينَ,0.638
,,,,قَالُوا آمَنَّا بِرَبِّ الْعَالَمِينَ,0.705,هُوَ الْحَيُّ لَا إِلَهَ إِلَّا هُوَ فَادْعُوهُ مُخْلِصِينَ لَهُ الدِّينَ الْحَمْدُ لِلَّهِ رَبِّ الْعَالَمِينَ,0.608
,,,,تَنْزِيلٌ مِنْ رَبِّ الْعَالَمِينَ,0.702,إِنْ يَشَأْ يُذْهِبْكُمْ أَيُّهَا النَّاسُ وَ يَأْتِ بِآخَرِينَ وَ كَانَ اللَّهُ عَلَىٰ ذَلِكَ قَدِيرًا,0.604
,,,,تَنْزِيلٌ مِنْ رَبِّ الْعَالَمِينَ,0.702,فَمَا ظَنُّكُمْ بِرَبِّ الْعَالَمِينَ,0.602
,,,,الْحَمْدُ لِلَّهِ رَبِّ الْعَالَمِينَ,0.66,رَبُّ الْمَشْرِقِ وَ الْمَغْرِبِ لَا إِلَهَ إِلَّا هُوَ فَاتَّخِذْهُ وَكِيلًا,0.6
,,,,رَبُّ الْمَشْرِقَيْنِ وَ رَبُّ الْمَغْرِبَيْنِ,0.651,وَ الْحَمْدُ لِلَّهِ رَبِّ الْعَالَمِينَ,0.592
,,,,سَلَامٌ عَلَىٰ نُوحٍ فِي الْعَالَمِينَ,0.633,الْحَمْدُ لِلَّهِ رَبِّ الْعَالَمِينَ,0.592
,,,,يَوْمَ يَقُومُ النَّاسُ لِرَبِّ الْعَالَمِينَ,0.632,وَ قُلْ رَبِّ اغْفِرْ وَ ارْحَمْ وَ أَنْتَ خَيْرُ الرَّاحِمِينَ,0.588
,,,,فَلِلَّهِ الْحَمْدُ رَبِّ السَّمَاوَاتِ وَ رَبِّ الْأَرْضِ رَبِّ الْعَالَمِينَ,0.619,رَحْمَةً مِنْ رَبِّكَ إِنَّهُ هُوَ السَّمِيعُ الْعَلِيمُ,0.587
"q4 = ""سراط مستقیم""",1,"q4 = ""سراط مستقيم صراط""",1,,,,
,,,,وَ لَهَدَيْنَاهُمْ صِرَاطًا مُسْتَقِيمًا,0.778,وَ لَهَدَيْنَاهُمْ صِرَاطًا مُسْتَقِيمًا,0.777
,,,,وَ هَدَيْنَاهُمَا الصِّرَاطَ الْمُسْتَقِيمَ,0.778,وَ هَدَيْنَاهُمَا الصِّرَاطَ الْمُسْتَقِيمَ,0.777
,,,,اهْدِنَا الصِّرَاطَ الْمُسْتَقِيمَ,0.778,اهْدِنَا الصِّرَاطَ الْمُسْتَقِيمَ,0.777
,,,,عَلَىٰ صِرَاطٍ مُسْتَقِيمٍ,0.74,وَ زِنُوا بِالْقِسْطَاسِ الْمُسْتَقِيمِ,0.767
,,,,وَ زِنُوا بِالْقِسْطَاسِ الْمُسْتَقِيمِ,0.738,وَ أَنِ اعْبُدُونِي هَذَا صِرَاطٌ مُسْتَقِيمٌ,0.726
,,,,كِتَابٌ مَرْقُومٌ,0.697,لِتَسْلُكُوا مِنْهَا سُبُلًا فِجَاجًا,0.726
,,,,كِتَابٌ مَرْقُومٌ,0.697,سَأُصْلِيهِ سَقَرَ,0.704
,,,,مِنَ الْجِنَّةِ وَ النَّاسِ,0.69,وَ إِنَّكَ لَتَدْعُوهُمْ إِلَىٰ صِرَاطٍ مُسْتَقِيمٍ,0.699
,,,,وَ ظِلٍّ مَمْدُودٍ,0.688,سَأُرْهِقُهُ صَعُودًا,0.688
,,,,سَأُرْهِقُهُ صَعُودًا,0.686,كَذَلِكَ سَلَكْنَاهُ فِي قُلُوبِ الْمُجْرِمِينَ,0.686
"q5 = ""الصراط المستقيم""",1,"q5 = ""الصراط المستقيم زنوا بالقسطاس""",0.2,,,,
,,,,اهْدِنَا الصِّرَاطَ الْمُسْتَقِيمَ,0.815,وَ زِنُوا بِالْقِسْطَاسِ الْمُسْتَقِيمِ,0.852
,,,,عَلَىٰ صِرَاطٍ مُسْتَقِيمٍ,0.788,وَ أَوْفُوا الْكَيْلَ إِذَا كِلْتُمْ وَ زِنُوا بِالْقِسْطَاسِ الْمُسْتَقِيمِ ذَلِكَ خَيْرٌ وَ أَحْسَنُ تَأْوِيلًا,0.752
,,,,قَالَ هَذَا صِرَاطٌ عَلَيَّ مُسْتَقِيمٌ,0.675,وَ أَقِيمُوا الْوَزْنَ بِالْقِسْطِ وَ لَا تُخْسِرُوا الْمِيزَانَ,0.724
,,,,وَ هَدَيْنَاهُمَا الصِّرَاطَ الْمُسْتَقِيمَ,0.653,وَ يَا قَوْمِ أَوْفُوا الْمِكْيَالَ وَ الْمِيزَانَ بِالْقِسْطِ وَ لَا تَبْخَسُوا النَّاسَ أَشْيَاءَهُمْ وَ لَا تَعْثَوْا فِي الْأَرْضِ مُفْسِدِينَ,0.663
,,,,وَ إِنَّكَ لَتَدْعُوهُمْ إِلَىٰ صِرَاطٍ مُسْتَقِيمٍ,0.627,قُلْ إِنَّنِي هَدَانِي رَبِّي إِلَىٰ صِرَاطٍ مُسْتَقِيمٍ دِينًا قِيَمًا مِلَّةَ إِبْرَاهِيمَ حَنِيفًا وَ مَا كَانَ مِنَ الْمُشْرِكِينَ,0.65
,,,,وَ أَنِ اعْبُدُونِي هَذَا صِرَاطٌ مُسْتَقِيمٌ,0.621,يَهْدِي بِهِ اللَّهُ مَنِ اتَّبَعَ رِضْوَانَهُ سُبُلَ السَّلَامِ وَ يُخْرِجُهُمْ مِنَ الظُّلُمَاتِ إِلَى النُّورِ بِإِذْنِهِ وَ يَهْدِيهِمْ إِلَىٰ صِرَاطٍ مُسْتَقِيمٍ,0.647
,,,,وَ اللَّهُ يَدْعُو إِلَىٰ دَارِ السَّلَامِ وَ يَهْدِي مَنْ يَشَاءُ إِلَىٰ صِرَاطٍ مُسْتَقِيمٍ,0.619,وَ نَضَعُ الْمَوَازِينَ الْقِسْطَ لِيَوْمِ الْقِيَامَةِ فَلَا تُظْلَمُ نَفْسٌ شَيْئًا وَ إِنْ كَانَ مِثْقَالَ حَبَّةٍ مِنْ خَرْدَلٍ أَتَيْنَا بِهَا وَ كَفَىٰ بِنَا حَاسِبِينَ,0.645
,,,,الرَّحْمَنِ الرَّحِيمِ,0.592,فَمَنْ ثَقُلَتْ مَوَازِينُهُ فَأُولَئِكَ هُمُ الْمُفْلِحُونَ,0.634
,,,,إِنَّ اللَّهَ هُوَ رَبِّي وَ رَبُّكُمْ فَاعْبُدُوهُ هَذَا صِرَاطٌ مُسْتَقِيمٌ,0.579,وَ الْوَزْنُ يَوْمَئِذٍ الْحَقُّ فَمَنْ ثَقُلَتْ مَوَازِينُهُ فَأُولَئِكَ هُمُ الْمُفْلِحُونَ,0.632
,,,,وَ قَالَ الَّذِي آمَنَ يَا قَوْمِ اتَّبِعُونِ أَهْدِكُمْ سَبِيلَ الرَّشَادِ,0.574,سَمَّاعُونَ لِلْكَذِبِ أَكَّالُونَ لِلسُّحْتِ فَإِنْ جَاءُوكَ فَاحْكُمْ بَيْنَهُمْ أَوْ أَعْرِضْ عَنْهُمْ وَ إِنْ تُعْرِضْ عَنْهُمْ فَلَنْ يَضُرُّوكَ شَيْئًا وَ إِنْ حَكَمْتَ فَاحْكُمْ بَيْنَهُمْ بِالْقِسْطِ إِنَّ اللَّهَ يُحِبُّ الْمُقْسِطِينَ,0.63
"q6 = ""صراط مستقيم""",1,"q6 = ""صراط مستقيم ربي هذا""",1,,,,
,,,,عَلَىٰ صِرَاطٍ مُسْتَقِيمٍ,0.888,قَالَ هَذَا صِرَاطٌ عَلَيَّ مُسْتَقِيمٌ,0.832
,,,,الرَّحْمَنِ الرَّحِيمِ,0.669,وَ أَنِ اعْبُدُونِي هَذَا صِرَاطٌ مُسْتَقِيمٌ,0.779
,,,,اهْدِنَا الصِّرَاطَ الْمُسْتَقِيمَ,0.666,اهْدِنَا الصِّرَاطَ الْمُسْتَقِيمَ,0.775
,,,,وَ ظِلٍّ مَمْدُودٍ,0.644,عَلَىٰ صِرَاطٍ مُسْتَقِيمٍ,0.769
,,,,كِتَابٌ مَرْقُومٌ,0.635,وَ قَالَ الَّذِي آمَنَ يَا قَوْمِ اتَّبِعُونِ أَهْدِكُمْ سَبِيلَ الرَّشَادِ,0.74
,,,,كِتَابٌ مَرْقُومٌ,0.635,وَ إِنَّكَ لَتَدْعُوهُمْ إِلَىٰ صِرَاطٍ مُسْتَقِيمٍ,0.73
,,,,الَّذِي خَلَقَ فَسَوَّىٰ,0.632,وَ أَنَّ هَذَا صِرَاطِي مُسْتَقِيمًا فَاتَّبِعُوهُ وَ لَا تَتَّبِعُوا السُّبُلَ فَتَفَرَّقَ بِكُمْ عَنْ سَبِيلِهِ ذَلِكُمْ وَصَّاكُمْ بِهِ لَعَلَّكُمْ تَتَّقُونَ,0.723
,,,,وَ زِنُوا بِالْقِسْطَاسِ الْمُسْتَقِيمِ,0.628,إِنَّ اللَّهَ هُوَ رَبِّي وَ رَبُّكُمْ فَاعْبُدُوهُ هَذَا صِرَاطٌ مُسْتَقِيمٌ,0.713
,,,,قَالَ هَذَا صِرَاطٌ عَلَيَّ مُسْتَقِيمٌ,0.622,وَ إِنَّ اللَّهَ رَبِّي وَ رَبُّكُمْ فَاعْبُدُوهُ هَذَا صِرَاطٌ مُسْتَقِيمٌ,0.709
,,,,وَ لَهَدَيْنَاهُمْ صِرَاطًا مُسْتَقِيمًا,0.614,إِنَّ اللَّهَ رَبِّي وَ رَبُّكُمْ فَاعْبُدُوهُ هَذَا صِرَاطٌ مُسْتَقِيمٌ,0.709
"q7 = ""ارض شمس""",1,"q7 = ""ارض شمس الشمس القمر""",1,,,,
,,,,الشَّمْسُ وَ الْقَمَرُ بِحُسْبَانٍ,0.797,الشَّمْسُ وَ الْقَمَرُ بِحُسْبَانٍ,0.773
,,,,وَ الشَّمْسِ وَ ضُحَاهَا,0.795,وَ جُمِعَ الشَّمْسُ وَ الْقَمَرُ,0.762
,,,,إِذَا الشَّمْسُ كُوِّرَتْ,0.763,وَ هُوَ الَّذِي خَلَقَ اللَّيْلَ وَ النَّهَارَ وَ الشَّمْسَ وَ الْقَمَرَ كُلٌّ فِي فَلَكٍ يَسْبَحُونَ,0.709
,,,,وَ جُمِعَ الشَّمْسُ وَ الْقَمَرُ,0.759,وَ مِنْ آيَاتِهِ اللَّيْلُ وَ النَّهَارُ وَ الشَّمْسُ وَ الْقَمَرُ لَا تَسْجُدُوا لِلشَّمْسِ وَ لَا لِلْقَمَرِ وَ اسْجُدُوا لِلَّهِ الَّذِي خَلَقَهُنَّ إِنْ كُنْتُمْ إِيَّاهُ تَعْبُدُونَ,0.7
,,,,وَ خَسَفَ الْقَمَرُ,0.745,وَ جَعَلَ الْقَمَرَ فِيهِنَّ نُورًا وَ جَعَلَ الشَّمْسَ سِرَاجًا,0.682
,,,,وَ الْفَجْرِ,0.717,إِذْ قَالَ يُوسُفُ لِأَبِيهِ يَا أَبَتِ إِنِّي رَأَيْتُ أَحَدَ عَشَرَ كَوْكَبًا وَ الشَّمْسَ وَ الْقَمَرَ رَأَيْتُهُمْ لِي سَاجِدِينَ,0.644
,,,,كَلَّا وَ الْقَمَرِ,0.717,وَ خَسَفَ الْقَمَرُ,0.642
,,,,إِنَّكَ كُنْتَ بِنَا بَصِيرًا,0.692,وَ الشَّمْسِ وَ ضُحَاهَا,0.625
,,,,فَأَنْتَ لَهُ تَصَدَّىٰ,0.691,لَا الشَّمْسُ يَنْبَغِي لَهَا أَنْ تُدْرِكَ الْقَمَرَ وَ لَا اللَّيْلُ سَابِقُ النَّهَارِ وَ كُلٌّ فِي فَلَكٍ يَسْبَحُونَ,0.625
,,,,وَ لَا الظُّلُمَاتُ وَ لَا النُّورُ,0.688,فَالِقُ الْإِصْبَاحِ وَ جَعَلَ اللَّيْلَ سَكَنًا وَ الشَّمْسَ وَ الْقَمَرَ حُسْبَانًا ذَلِكَ تَقْدِيرُ الْعَزِيزِ الْعَلِيمِ,0.622
"q8 = ""نبی رسول""",1,"q8 = ""نبي رسول امين نبيا""",1,,,,
,,,,وَ كَمْ أَرْسَلْنَا مِنْ نَبِيٍّ فِي الْأَوَّلِينَ,0.721,يَا أَيُّهَا النَّبِيُّ إِنَّا أَرْسَلْنَاكَ شَاهِدًا وَ مُبَشِّرًا وَ نَذِيرًا,0.695
,,,,يَا أَيُّهَا النَّبِيُّ إِنَّا أَرْسَلْنَاكَ شَاهِدًا وَ مُبَشِّرًا وَ نَذِيرًا,0.705,أَنْ أَدُّوا إِلَيَّ عِبَادَ اللَّهِ إِنِّي لَكُمْ رَسُولٌ أَمِينٌ,0.681
,,,,إِنِّي لَكُمْ رَسُولٌ أَمِينٌ,0.696,مَا كَانَ مُحَمَّدٌ أَبَا أَحَدٍ مِنْ رِجَالِكُمْ وَ لَكِنْ رَسُولَ اللَّهِ وَ خَاتَمَ النَّبِيِّينَ وَ كَانَ اللَّهُ بِكُلِّ شَيْءٍ عَلِيمًا,0.681
,,,,إِنِّي لَكُمْ رَسُولٌ أَمِينٌ,0.696,إِنِّي لَكُمْ رَسُولٌ أَمِينٌ,0.672
,,,,إِنِّي لَكُمْ رَسُولٌ أَمِينٌ,0.696,إِنِّي لَكُمْ رَسُولٌ أَمِينٌ,0.672
,,,,إِنِّي لَكُمْ رَسُولٌ أَمِينٌ,0.696,إِنِّي لَكُمْ رَسُولٌ أَمِينٌ,0.672
,,,,إِنِّي لَكُمْ رَسُولٌ أَمِينٌ,0.696,إِنِّي لَكُمْ رَسُولٌ أَمِينٌ,0.672
,,,,إِنَّهُ لَقَوْلُ رَسُولٍ كَرِيمٍ,0.696,إِنِّي لَكُمْ رَسُولٌ أَمِينٌ,0.672
,,,,إِنَّهُ لَقَوْلُ رَسُولٍ كَرِيمٍ,0.696,وَ اذْكُرْ فِي الْكِتَابِ إِسْمَاعِيلَ إِنَّهُ كَانَ صَادِقَ الْوَعْدِ وَ كَانَ رَسُولًا نَبِيًّا,0.671
,,,,وَ مَا أَرْسَلْنَا مِنْ قَبْلِكَ مِنْ رَسُولٍ إِلَّا نُوحِي إِلَيْهِ أَنَّهُ لَا إِلَهَ إِلَّا أَنَا فَاعْبُدُونِ,0.679,وَ بَشَّرْنَاهُ بِإِسْحَاقَ نَبِيًّا مِنَ الصَّالِحِينَ,0.669
"q9 = ""شیطان رجیم""",1,"q9 = ""شيطان رجيم من فاخرج""",1,,,,
,,,,وَ مَا هُوَ بِقَوْلِ شَيْطَانٍ رَجِيمٍ,0.773,وَ مَا هُوَ بِقَوْلِ شَيْطَانٍ رَجِيمٍ,0.718
,,,,وَ حِفْظًا مِنْ كُلِّ شَيْطَانٍ مَارِدٍ,0.714,مِنْ شَرِّ الْوَسْوَاسِ الْخَنَّاسِ,0.682
,,,,وَ حَفِظْنَاهَا مِنْ كُلِّ شَيْطَانٍ رَجِيمٍ,0.663,وَ حِفْظًا مِنْ كُلِّ شَيْطَانٍ مَارِدٍ,0.679
,,,,مِنْ شَرِّ الْوَسْوَاسِ الْخَنَّاسِ,0.641,قَالَ فَاخْرُجْ مِنْهَا فَإِنَّكَ رَجِيمٌ,0.677
,,,,وَ قَالُوا إِنْ هَذَا إِلَّا سِحْرٌ مُبِينٌ,0.634,قَالَ فَاخْرُجْ مِنْهَا فَإِنَّكَ رَجِيمٌ,0.677
,,,,أَ فَسِحْرٌ هَذَا أَمْ أَنْتُمْ لَا تُبْصِرُونَ,0.615,فَجَعَلَ مِنْهُ الزَّوْجَيْنِ الذَّكَرَ وَ الْأُنْثَىٰ,0.657
,,,,وَ إِذَا ذُكِّرُوا لَا يَذْكُرُونَ,0.61,فَقَالَ إِنْ هَذَا إِلَّا سِحْرٌ يُؤْثَرُ,0.649
,,,,فَجَعَلَ مِنْهُ الزَّوْجَيْنِ الذَّكَرَ وَ الْأُنْثَىٰ,0.602,وَيْلٌ لِكُلِّ أَفَّاكٍ أَثِيمٍ,0.648
,,,,وَ نَذْكُرَكَ كَثِيرًا,0.599,قَالَ لِلْمَلَإِ حَوْلَهُ إِنَّ هَذَا لَسَاحِرٌ عَلِيمٌ,0.647
,,,,وَ أَكِيدُ كَيْدًا,0.598,فَتَوَلَّىٰ بِرُكْنِهِ وَ قَالَ سَاحِرٌ أَوْ مَجْنُونٌ,0.646
"q10 = ""جنات تجری الانهار""",1,"q10 = ""جنات تجري الانهار تحتها فيها خالدين""",1,,,,
,,,,جَنَّاتُ عَدْنٍ تَجْرِي مِنْ تَحْتِهَا الْأَنْهَارُ خَالِدِينَ فِيهَا وَ ذَلِكَ جَزَاءُ مَنْ تَزَكَّىٰ,0.764,جَنَّاتُ عَدْنٍ تَجْرِي مِنْ تَحْتِهَا الْأَنْهَارُ خَالِدِينَ فِيهَا وَ ذَلِكَ جَزَاءُ مَنْ تَزَكَّىٰ,0.825
,,,,أَعَدَّ اللَّهُ لَهُمْ جَنَّاتٍ تَجْرِي مِنْ تَحْتِهَا الْأَنْهَارُ خَالِدِينَ فِيهَا ذَلِكَ الْفَوْزُ الْعَظِيمُ,0.738,أَعَدَّ اللَّهُ لَهُمْ جَنَّاتٍ تَجْرِي مِنْ تَحْتِهَا الْأَنْهَارُ خَالِدِينَ فِيهَا ذَلِكَ الْفَوْزُ الْعَظِيمُ,0.782
,,,,جَنَّاتِ عَدْنٍ مُفَتَّحَةً لَهُمُ الْأَبْوَابُ,0.73,فَأَثَابَهُمُ اللَّهُ بِمَا قَالُوا جَنَّاتٍ تَجْرِي مِنْ تَحْتِهَا الْأَنْهَارُ خَالِدِينَ فِيهَا وَ ذَلِكَ جَزَاءُ الْمُحْسِنِينَ,0.763
,,,,لَكِنِ الَّذِينَ اتَّقَوْا رَبَّهُمْ لَهُمْ غُرَفٌ مِنْ فَوْقِهَا غُرَفٌ مَبْنِيَّةٌ تَجْرِي مِنْ تَحْتِهَا الْأَنْهَارُ وَعْدَ اللَّهِ لَا يُخْلِفُ اللَّهُ الْمِيعَادَ,0.728,مَثَلُ الْجَنَّةِ الَّتِي وُعِدَ الْمُتَّقُونَ تَجْرِي مِنْ تَحْتِهَا الْأَنْهَارُ أُكُلُهَا دَائِمٌ وَ ظِلُّهَا تِلْكَ عُقْبَى الَّذِينَ اتَّقَوْا وَ عُقْبَى الْكَافِرِينَ النَّارُ,0.757
,,,,فَأَثَابَهُمُ اللَّهُ بِمَا قَالُوا جَنَّاتٍ تَجْرِي مِنْ تَحْتِهَا الْأَنْهَارُ خَالِدِينَ فِيهَا وَ ذَلِكَ جَزَاءُ الْمُحْسِنِينَ,0.726,وَعَدَ اللَّهُ الْمُؤْمِنِينَ وَ الْمُؤْمِنَاتِ جَنَّاتٍ تَجْرِي مِنْ تَحْتِهَا الْأَنْهَارُ خَالِدِينَ فِيهَا وَ مَسَاكِنَ طَيِّبَةً فِي جَنَّاتِ عَدْنٍ وَ رِضْوَانٌ مِنَ اللَّهِ أَكْبَرُ ذَلِكَ هُوَ الْفَوْزُ الْعَظِيمُ,0.756
,,,,تَبَارَكَ الَّذِي إِنْ شَاءَ جَعَلَ لَكَ خَيْرًا مِنْ ذَلِكَ جَنَّاتٍ تَجْرِي مِنْ تَحْتِهَا الْأَنْهَارُ وَ يَجْعَلْ لَكَ قُصُورًا,0.722,إِنَّ الْمُتَّقِينَ فِي جَنَّاتٍ وَ نَعِيمٍ,0.75
,,,,إِنَّ الْمُتَّقِينَ فِي جَنَّاتٍ وَ عُيُونٍ,0.719,الَّذِينَ يَرِثُونَ الْفِرْدَوْسَ هُمْ فِيهَا خَالِدُونَ,0.75
,,,,إِنَّ الْمُتَّقِينَ فِي جَنَّاتٍ وَ عُيُونٍ,0.719,إِنَّ لِلْمُتَّقِينَ عِنْدَ رَبِّهِمْ جَنَّاتِ النَّعِيمِ,0.741
,,,,جَنَّاتُ عَدْنٍ يَدْخُلُونَهَا تَجْرِي مِنْ تَحْتِهَا الْأَنْهَارُ لَهُمْ فِيهَا مَا يَشَاءُونَ كَذَلِكَ يَجْزِي اللَّهُ الْمُتَّقِينَ,0.718,لِيُدْخِلَ الْمُؤْمِنِينَ وَ الْمُؤْمِنَاتِ جَنَّاتٍ تَجْرِي مِنْ تَحْتِهَا الْأَنْهَارُ خَالِدِينَ فِيهَا وَ يُكَفِّرَ عَنْهُمْ سَيِّئَاتِهِمْ وَ كَانَ ذَلِكَ عِنْدَ اللَّهِ فَوْزًا عَظِيمًا,0.739
,,,,وَ جَعَلْنَا فِيهَا جَنَّاتٍ مِنْ نَخِيلٍ وَ أَعْنَابٍ وَ فَجَّرْنَا فِيهَا مِنَ الْعُيُونِ,0.716,لَكِنِ الَّذِينَ اتَّقَوْا رَبَّهُمْ لَهُمْ جَنَّاتٌ تَجْرِي مِنْ تَحْتِهَا الْأَنْهَارُ خَالِدِينَ فِيهَا نُزُلًا مِنْ عِنْدِ اللَّهِ وَ مَا عِنْدَ اللَّهِ خَيْرٌ لِلْأَبْرَارِ,0.739
"q11 = ""یوم القیامه""",1,"q11 = ""يوم القيامه فيه انكم""",1,,,,
,,,,يَسْأَلُ أَيَّانَ يَوْمُ الْقِيَامَةِ,0.738,ثُمَّ إِنَّكُمْ يَوْمَ الْقِيَامَةِ تُبْعَثُونَ,0.844
,,,,لَا أُقْسِمُ بِيَوْمِ الْقِيَامَةِ,0.671,وَ كُلُّهُمْ آتِيهِ يَوْمَ الْقِيَامَةِ فَرْدًا,0.798
,,,,يَوْمَ يَقُومُ النَّاسُ لِرَبِّ الْعَالَمِينَ,0.659,لَا أُقْسِمُ بِيَوْمِ الْقِيَامَةِ,0.793
,,,,ثُمَّ إِنَّكُمْ يَوْمَ الْقِيَامَةِ تُبْعَثُونَ,0.651,قَالَ مَوْعِدُكُمْ يَوْمُ الزِّينَةِ وَ أَنْ يُحْشَرَ النَّاسُ ضُحًى,0.754
,,,,يَوْمَ يَسْمَعُونَ الصَّيْحَةَ بِالْحَقِّ ذَلِكَ يَوْمُ الْخُرُوجِ,0.617,وَ يَوْمَ تَقُومُ السَّاعَةُ يُبْلِسُ الْمُجْرِمُونَ,0.752
,,,,وَ يَوْمَ تَقُومُ السَّاعَةُ يَوْمَئِذٍ يَتَفَرَّقُونَ,0.609,مَنْ أَعْرَضَ عَنْهُ فَإِنَّهُ يَحْمِلُ يَوْمَ الْقِيَامَةِ وِزْرًا,0.747
,,,,ثُمَّ إِنَّكُمْ يَوْمَ الْقِيَامَةِ عِنْدَ رَبِّكُمْ تَخْتَصِمُونَ,0.607,ثُمَّ إِنَّكُمْ يَوْمَ الْقِيَامَةِ عِنْدَ رَبِّكُمْ تَخْتَصِمُونَ,0.743
,,,,فَإِذَا هُمْ بِالسَّاهِرَةِ,0.606,وَ يَوْمَ تَقُومُ السَّاعَةُ يَوْمَئِذٍ يَتَفَرَّقُونَ,0.734
,,,,وَ نُفِخَ فِي الصُّورِ ذَلِكَ يَوْمُ الْوَعِيدِ,0.598,يَسْأَلُ أَيَّانَ يَوْمُ الْقِيَامَةِ,0.726
,,,,إِذَا وَقَعَتِ الْوَاقِعَةُ,0.589,يَوْمَ يَسْمَعُونَ الصَّيْحَةَ بِالْحَقِّ ذَلِكَ يَوْمُ الْخُرُوجِ,0.723
"q12 = ""امر معروف نهی منکر""",1,"q12 = ""امر معروف نهي منكر المنكر بالمعروف عن ينهون""",1,,,,
,,,,كَانُوا لَا يَتَنَاهَوْنَ عَنْ مُنْكَرٍ فَعَلُوهُ لَبِئْسَ مَا كَانُوا يَفْعَلُونَ,0.667,الْمُنَافِقُونَ وَ الْمُنَافِقَاتُ بَعْضُهُمْ مِنْ بَعْضٍ يَأْمُرُونَ بِالْمُنْكَرِ وَ يَنْهَوْنَ عَنِ الْمَعْرُوفِ وَ يَقْبِضُونَ أَيْدِيَهُمْ نَسُوا اللَّهَ فَنَسِيَهُمْ إِنَّ الْمُنَافِقِينَ هُمُ الْفَاسِقُونَ,0.665
,,,,وَ فَعَلْتَ فَعْلَتَكَ الَّتِي فَعَلْتَ وَ أَنْتَ مِنَ الْكَافِرِينَ,0.643,كَانُوا لَا يَتَنَاهَوْنَ عَنْ مُنْكَرٍ فَعَلُوهُ لَبِئْسَ مَا كَانُوا يَفْعَلُونَ,0.664
,,,,إِنَّا كَذَلِكَ نَفْعَلُ بِالْمُجْرِمِينَ,0.64,إِنْ تَجْتَنِبُوا كَبَائِرَ مَا تُنْهَوْنَ عَنْهُ نُكَفِّرْ عَنْكُمْ سَيِّئَاتِكُمْ وَ نُدْخِلْكُمْ مُدْخَلًا كَرِيمًا,0.651
,,,,الْمُنَافِقُونَ وَ الْمُنَافِقَاتُ بَعْضُهُمْ مِنْ بَعْضٍ يَأْمُرُونَ بِالْمُنْكَرِ وَ يَنْهَوْنَ عَنِ الْمَعْرُوفِ وَ يَقْبِضُونَ أَيْدِيَهُمْ نَسُوا اللَّهَ فَنَسِيَهُمْ إِنَّ الْمُنَافِقِينَ هُمُ الْفَاسِقُونَ,0.623,قَالَ إِنَّكُمْ قَوْمٌ مُنْكَرُونَ,0.647
,,,,يَا بُنَيَّ أَقِمِ الصَّلَاةَ وَ أْمُرْ بِالْمَعْرُوفِ وَ انْهَ عَنِ الْمُنْكَرِ وَ اصْبِرْ عَلَىٰ مَا أَصَابَكَ إِنَّ ذَلِكَ مِنْ عَزْمِ الْأُمُورِ,0.62,يَا بُنَيَّ أَقِمِ الصَّلَاةَ وَ أْمُرْ بِالْمَعْرُوفِ وَ انْهَ عَنِ الْمُنْكَرِ وَ اصْبِرْ عَلَىٰ مَا أَصَابَكَ إِنَّ ذَلِكَ مِنْ عَزْمِ الْأُمُورِ,0.645
,,,,قَالَ إِنَّكُمْ قَوْمٌ مُنْكَرُونَ,0.618,وَ لْتَكُنْ مِنْكُمْ أُمَّةٌ يَدْعُونَ إِلَى الْخَيْرِ وَ يَأْمُرُونَ بِالْمَعْرُوفِ وَ يَنْهَوْنَ عَنِ الْمُنْكَرِ وَ أُولَئِكَ هُمُ الْمُفْلِحُونَ,0.625
,,,,كَذَلِكَ نَفْعَلُ بِالْمُجْرِمِينَ,0.611,خُذِ الْعَفْوَ وَ اْمُرْ بِالْعُرْفِ وَ أَعْرِضْ عَنِ الْجَاهِلِينَ,0.621
,,,,كُنْتُمْ خَيْرَ أُمَّةٍ أُخْرِجَتْ لِلنَّاسِ تَأْمُرُونَ بِالْمَعْرُوفِ وَ تَنْهَوْنَ عَنِ الْمُنْكَرِ وَ تُؤْمِنُونَ بِاللَّهِ وَ لَوْ آمَنَ أَهْلُ الْكِتَابِ لَكَانَ خَيْرًا لَهُمْ مِنْهُمُ الْمُؤْمِنُونَ وَ أَكْثَرُهُمُ الْفَاسِقُونَ,0.602,يُؤْمِنُونَ بِاللَّهِ وَ الْيَوْمِ الْآخِرِ وَ يَأْمُرُونَ بِالْمَعْرُوفِ وَ يَنْهَوْنَ عَنِ الْمُنْكَرِ وَ يُسَارِعُونَ فِي الْخَيْرَاتِ وَ أُولَئِكَ مِنَ الصَّالِحِينَ,0.618
,,,,أَ أَنْتُمْ تَخْلُقُونَهُ أَمْ نَحْنُ الْخَالِقُونَ,0.595,إِنَّ اللَّهَ يَأْمُرُ بِالْعَدْلِ وَ الْإِحْسَانِ وَ إِيتَاءِ ذِي الْقُرْبَىٰ وَ يَنْهَىٰ عَنِ الْفَحْشَاءِ وَ الْمُنْكَرِ وَ الْبَغْيِ يَعِظُكُمْ لَعَلَّكُمْ تَذَكَّرُونَ,0.609
,,,,إِيَّاكَ نَعْبُدُ وَ إِيَّاكَ نَسْتَعِينُ,0.585,كُنْتُمْ خَيْرَ أُمَّةٍ أُخْرِجَتْ لِلنَّاسِ تَأْمُرُونَ بِالْمَعْرُوفِ وَ تَنْهَوْنَ عَنِ الْمُنْكَرِ وَ تُؤْمِنُونَ بِاللَّهِ وَ لَوْ آمَنَ أَهْلُ الْكِتَابِ لَكَانَ خَيْرًا لَهُمْ مِنْهُمُ الْمُؤْمِنُونَ وَ أَكْثَرُهُمُ الْفَاسِقُونَ,0.595
"q13 = ""اهل الکتاب فاسق""",1,"q13 = ""اهل الكتاب فاسق الفاسقون المبين فاسقين""",1,,,,
,,,,يَا أَهْلَ الْكِتَابِ لِمَ تَكْفُرُونَ بِآيَاتِ اللَّهِ وَ أَنْتُمْ تَشْهَدُونَ,0.687,وَ جَاءَ الْمُعَذِّرُونَ مِنَ الْأَعْرَابِ لِيُؤْذَنَ لَهُمْ وَ قَعَدَ الَّذِينَ كَذَبُوا اللَّهَ وَ رَسُولَهُ سَيُصِيبُ الَّذِينَ كَفَرُوا مِنْهُمْ عَذَابٌ أَلِيمٌ,0.678
,,,,وَ قَوْمَ نُوحٍ مِنْ قَبْلُ إِنَّهُمْ كَانُوا قَوْمًا فَاسِقِينَ,0.67,وَ لَقَدْ أَنْزَلْنَا إِلَيْكَ آيَاتٍ بَيِّنَاتٍ وَ مَا يَكْفُرُ بِهَا إِلَّا الْفَاسِقُونَ,0.677
,,,,كَذَّبَتْ قَوْمُ لُوطٍ بِالنُّذُرِ,0.662,وَ لْيَحْكُمْ أَهْلُ الْإِنْجِيلِ بِمَا أَنْزَلَ اللَّهُ فِيهِ وَ مَنْ لَمْ يَحْكُمْ بِمَا أَنْزَلَ اللَّهُ فَأُولَئِكَ هُمُ الْفَاسِقُونَ,0.676
,,,,وَ أَصْحَابُ الْأَيْكَةِ وَ قَوْمُ تُبَّعٍ كُلٌّ كَذَّبَ الرُّسُلَ فَحَقَّ وَعِيدِ,0.656,إِنَّ الَّذِينَ كَفَرُوا وَ مَاتُوا وَ هُمْ كُفَّارٌ أُولَئِكَ عَلَيْهِمْ لَعْنَةُ اللَّهِ وَ الْمَلَائِكَةِ وَ النَّاسِ أَجْمَعِينَ,0.675
,,,,كَذَّبَتْ قَوْمُ نُوحٍ الْمُرْسَلِينَ,0.653,وَ قَدْ نَزَّلَ عَلَيْكُمْ فِي الْكِتَابِ أَنْ إِذَا سَمِعْتُمْ آيَاتِ اللَّهِ يُكْفَرُ بِهَا وَ يُسْتَهْزَأُ بِهَا فَلَا تَقْعُدُوا مَعَهُمْ حَتَّىٰ يَخُوضُوا فِي حَدِيثٍ غَيْرِهِ إِنَّكُمْ إِذًا مِثْلُهُمْ إِنَّ اللَّهَ جَامِعُ الْمُنَافِقِينَ وَ الْكَافِرِينَ فِي جَهَنَّمَ جَمِيعًا,0.673
,,,,كَذَّبَتْ قَوْمُ لُوطٍ الْمُرْسَلِينَ,0.651,يَا أَهْلَ الْكِتَابِ لِمَ تَكْفُرُونَ بِآيَاتِ اللَّهِ وَ أَنْتُمْ تَشْهَدُونَ,0.673
,,,,مَا سَمِعْنَا بِهَذَا فِي الْمِلَّةِ الْآخِرَةِ إِنْ هَذَا إِلَّا اخْتِلَاقٌ,0.651,إِنَّا مُنْزِلُونَ عَلَىٰ أَهْلِ هَذِهِ الْقَرْيَةِ رِجْزًا مِنَ السَّمَاءِ بِمَا كَانُوا يَفْسُقُونَ,0.672
,,,,وَ إِنْ يُكَذِّبُوكَ فَقَدْ كَذَّبَتْ قَبْلَهُمْ قَوْمُ نُوحٍ وَ عَادٌ وَ ثَمُودُ,0.646,وَ نَصَرْنَاهُ مِنَ الْقَوْمِ الَّذِينَ كَذَّبُوا بِآيَاتِنَا إِنَّهُمْ كَانُوا قَوْمَ سَوْءٍ فَأَغْرَقْنَاهُمْ أَجْمَعِينَ,0.671
,,,,هَلْ ثُوِّبَ الْكُفَّارُ مَا كَانُوا يَفْعَلُونَ,0.638,أُولَئِكَ الَّذِينَ آتَيْنَاهُمُ الْكِتَابَ وَ الْحُكْمَ وَ النُّبُوَّةَ فَإِنْ يَكْفُرْ بِهَا هَؤُلَاءِ فَقَدْ وَكَّلْنَا بِهَا قَوْمًا لَيْسُوا بِهَا بِكَافِرِينَ,0.67
,,,,قُتِلَ أَصْحَابُ الْأُخْدُودِ,0.636,وَ قَوْمَ نُوحٍ مِنْ قَبْلُ إِنَّهُمْ كَانُوا قَوْمًا فَاسِقِينَ,0.666
"q14 = ""جزا اجر""",1,"q14 = ""جزا اجر اجري اسالكم""",1,,,,
,,,,عَمَّا كَانُوا يَعْمَلُونَ,0.707,وَ مَا أَسْأَلُكُمْ عَلَيْهِ مِنْ أَجْرٍ إِنْ أَجْرِيَ إِلَّا عَلَىٰ رَبِّ الْعَالَمِينَ,0.752
,,,,جَزَاءً بِمَا كَانُوا يَعْمَلُونَ,0.69,وَ مَا أَسْأَلُكُمْ عَلَيْهِ مِنْ أَجْرٍ إِنْ أَجْرِيَ إِلَّا عَلَىٰ رَبِّ الْعَالَمِينَ,0.752
,,,,وَ مَا تُجْزَوْنَ إِلَّا مَا كُنْتُمْ تَعْمَلُونَ,0.677,وَ مَا أَسْأَلُكُمْ عَلَيْهِ مِنْ أَجْرٍ إِنْ أَجْرِيَ إِلَّا عَلَىٰ رَبِّ الْعَالَمِينَ,0.752
,,,,إِنَّا كَذَلِكَ نَفْعَلُ بِالْمُجْرِمِينَ,0.673,وَ مَا أَسْأَلُكُمْ عَلَيْهِ مِنْ أَجْرٍ إِنْ أَجْرِيَ إِلَّا عَلَىٰ رَبِّ الْعَالَمِينَ,0.752
,,,,كَذَلِكَ نَفْعَلُ بِالْمُجْرِمِينَ,0.673,وَ مَا أَسْأَلُكُمْ عَلَيْهِ مِنْ أَجْرٍ إِنْ أَجْرِيَ إِلَّا عَلَىٰ رَبِّ الْعَالَمِينَ,0.752
,,,,وَ مَا نَحْنُ بِمُعَذَّبِينَ,0.667,فَإِنْ تَوَلَّيْتُمْ فَمَا سَأَلْتُكُمْ مِنْ أَجْرٍ إِنْ أَجْرِيَ إِلَّا عَلَى اللَّهِ وَ أُمِرْتُ أَنْ أَكُونَ مِنَ الْمُسْلِمِينَ,0.751
,,,,لَا يَمَسُّهُ إِلَّا الْمُطَهَّرُونَ,0.662,ثُمَّ يُجْزَاهُ الْجَزَاءَ الْأَوْفَىٰ,0.676
,,,,وَ إِنَّ لَكَ لَأَجْرًا غَيْرَ مَمْنُونٍ,0.661,هَلْ جَزَاءُ الْإِحْسَانِ إِلَّا الْإِحْسَانُ,0.663
,,,,لِمِثْلِ هَذَا فَلْيَعْمَلِ الْعَامِلُونَ,0.658,وَ إِذًا لَآتَيْنَاهُمْ مِنْ لَدُنَّا أَجْرًا عَظِيمًا,0.652
,,,,الرَّحْمَنِ الرَّحِيمِ,0.654,هُنَالِكَ الْوَلَايَةُ لِلَّهِ الْحَقِّ هُوَ خَيْرٌ ثَوَابًا وَ خَيْرٌ عُقْبًا,0.648
"q15 = ""رسل بینات یهدی""",1,"q15 = ""رسل بينات يهدي امين المرسلين اني""",1,,,,
,,,,وَ لَقَدْ أَرْسَلْنَا نُوحًا إِلَىٰ قَوْمِهِ إِنِّي لَكُمْ نَذِيرٌ مُبِينٌ,0.739,وَ إِذْ قَالَ عِيسَى ابْنُ مَرْيَمَ يَا بَنِي إِسْرَائِيلَ إِنِّي رَسُولُ اللَّهِ إِلَيْكُمْ مُصَدِّقًا لِمَا بَيْنَ يَدَيَّ مِنَ التَّوْرَاةِ وَ مُبَشِّرًا بِرَسُولٍ يَأْتِي مِنْ بَعْدِي اسْمُهُ أَحْمَدُ فَلَمَّا جَاءَهُمْ بِالْبَيِّنَاتِ قَالُوا هَذَا سِحْرٌ مُبِينٌ,0.714
,,,,وَ مَا أَرْسَلْنَاكَ إِلَّا مُبَشِّرًا وَ نَذِيرًا,0.708,رَبَّنَا آمَنَّا بِمَا أَنْزَلْتَ وَ اتَّبَعْنَا الرَّسُولَ فَاكْتُبْنَا مَعَ الشَّاهِدِينَ,0.713
,,,,وَ إِذَا دُعُوا إِلَى اللَّهِ وَ رَسُولِهِ لِيَحْكُمَ بَيْنَهُمْ إِذَا فَرِيقٌ مِنْهُمْ مُعْرِضُونَ,0.683,وَ مَا نُرْسِلُ الْمُرْسَلِينَ إِلَّا مُبَشِّرِينَ وَ مُنْذِرِينَ وَ يُجَادِلُ الَّذِينَ كَفَرُوا بِالْبَاطِلِ لِيُدْحِضُوا بِهِ الْحَقَّ وَ اتَّخَذُوا آيَاتِي وَ مَا أُنْذِرُوا هُزُوًا,0.71
,,,,إِنَّا أَرْسَلْنَاكَ شَاهِدًا وَ مُبَشِّرًا وَ نَذِيرًا,0.681,قَالَ يَا قَوْمِ لَيْسَ بِي سَفَاهَةٌ وَ لَكِنِّي رَسُولٌ مِنْ رَبِّ الْعَالَمِينَ,0.71
,,,,إِنْ يُوحَىٰ إِلَيَّ إِلَّا أَنَّمَا أَنَا نَذِيرٌ مُبِينٌ,0.677,إِنَّا أَرْسَلْنَاكَ بِالْحَقِّ بَشِيرًا وَ نَذِيرًا وَ إِنْ مِنْ أُمَّةٍ إِلَّا خَلَا فِيهَا نَذِيرٌ,0.709
,,,,رَسُولٌ مِنَ اللَّهِ يَتْلُو صُحُفًا مُطَهَّرَةً,0.663,قَالُوا يَا وَيْلَنَا مَنْ بَعَثَنَا مِنْ مَرْقَدِنَا هَذَا مَا وَعَدَ الرَّحْمَنُ وَ صَدَقَ الْمُرْسَلُونَ,0.707
,,,,إِنَّ لِلْمُتَّقِينَ مَفَازًا,0.661,كَذَّبَ أَصْحَابُ الْأَيْكَةِ الْمُرْسَلِينَ,0.702
,,,,وَ لَئِنْ أَرْسَلْنَا رِيحًا فَرَأَوْهُ مُصْفَرًّا لَظَلُّوا مِنْ بَعْدِهِ يَكْفُرُونَ,0.657,الَّذِينَ كَذَّبُوا بِالْكِتَابِ وَ بِمَا أَرْسَلْنَا بِهِ رُسُلَنَا فَسَوْفَ يَعْلَمُونَ,0.699
,,,,أَنْ أَرْسِلْ مَعَنَا بَنِي إِسْرَائِيلَ,0.655,فَتَوَلَّىٰ عَنْهُمْ وَ قَالَ يَا قَوْمِ لَقَدْ أَبْلَغْتُكُمْ رِسَالَاتِ رَبِّي وَ نَصَحْتُ لَكُمْ فَكَيْفَ آسَىٰ عَلَىٰ قَوْمٍ كَافِرِينَ,0.693
,,,,فِيهِنَّ خَيْرَاتٌ حِسَانٌ,0.655,أَ لَمْ يَأْتِكُمْ نَبَأُ الَّذِينَ مِنْ قَبْلِكُمْ قَوْمِ نُوحٍ وَ عَادٍ وَ ثَمُودَ وَ الَّذِينَ مِنْ بَعْدِهِمْ لَا يَعْلَمُهُمْ إِلَّا اللَّهُ جَاءَتْهُمْ رُسُلُهُمْ بِالْبَيِّنَاتِ فَرَدُّوا أَيْدِيَهُمْ فِي أَفْوَاهِهِمْ وَ قَالُوا إِنَّا كَفَرْنَا بِمَا أُرْسِلْتُمْ بِهِ وَ إِنَّا لَفِي شَكٍّ مِمَّا تَدْعُونَنَا إِلَيْهِ مُرِيبٍ,0.691
"q16 = ""یحیی و یمیت""",1,"q16 = ""يحيي و يميت له هو""",1,,,,
,,,,هُوَ يُحْيِي وَ يُمِيتُ وَ إِلَيْهِ تُرْجَعُونَ,0.778,ثُمَّ لَا يَمُوتُ فِيهَا وَ لَا يَحْيَىٰ,0.729
,,,,ثُمَّ لَا يَمُوتُ فِيهَا وَ لَا يَحْيَىٰ,0.721,وَ أَنَّهُ هُوَ أَمَاتَ وَ أَحْيَا,0.706
,,,,وَ الَّذِي يُمِيتُنِي ثُمَّ يُحْيِينِ,0.719,اعْلَمُوا أَنَّ اللَّهَ يُحْيِي الْأَرْضَ بَعْدَ مَوْتِهَا قَدْ بَيَّنَّا لَكُمُ الْآيَاتِ لَعَلَّكُمْ تَعْقِلُونَ,0.701
,,,,هُوَ الَّذِي يُحْيِي وَ يُمِيتُ فَإِذَا قَضَىٰ أَمْرًا فَإِنَّمَا يَقُولُ لَهُ كُنْ فَيَكُونُ,0.714,ثُمَّ إِنَّكُمْ بَعْدَ ذَلِكَ لَمَيِّتُونَ,0.68
,,,,لَا تُبْقِي وَ لَا تَذَرُ,0.694,وَ الَّذِي يُمِيتُنِي ثُمَّ يُحْيِينِ,0.678
,,,,وَ هُوَ الَّذِي أَحْيَاكُمْ ثُمَّ يُمِيتُكُمْ ثُمَّ يُحْيِيكُمْ إِنَّ الْإِنْسَانَ لَكَفُورٌ,0.685,كَيْفَ تَكْفُرُونَ بِاللَّهِ وَ كُنْتُمْ أَمْوَاتًا فَأَحْيَاكُمْ ثُمَّ يُمِيتُكُمْ ثُمَّ يُحْيِيكُمْ ثُمَّ إِلَيْهِ تُرْجَعُونَ,0.676
,,,,لَمْ يَلِدْ وَ لَمْ يُولَدْ,0.685,فَقُلْنَا اضْرِبُوهُ بِبَعْضِهَا كَذَلِكَ يُحْيِي اللَّهُ الْمَوْتَىٰ وَ يُرِيكُمْ آيَاتِهِ لَعَلَّكُمْ تَعْقِلُونَ,0.667
,,,,وَ هُوَ الَّذِي يُحْيِي وَ يُمِيتُ وَ لَهُ اخْتِلَافُ اللَّيْلِ وَ النَّهَارِ أَ فَلَا تَعْقِلُونَ,0.682,رِزْقًا لِلْعِبَادِ وَ أَحْيَيْنَا بِهِ بَلْدَةً مَيْتًا كَذَلِكَ الْخُرُوجُ,0.665
,,,,أَوْ يَنْفَعُونَكُمْ أَوْ يَضُرُّونَ,0.681,وَ ضَرَبَ لَنَا مَثَلًا وَ نَسِيَ خَلْقَهُ قَالَ مَنْ يُحْيِي الْعِظَامَ وَ هِيَ رَمِيمٌ,0.662
,,,,لَهُ مُلْكُ السَّمَاوَاتِ وَ الْأَرْضِ يُحْيِي وَ يُمِيتُ وَ هُوَ عَلَىٰ كُلِّ شَيْءٍ قَدِيرٌ,0.677,وَ أَمَّا مَنْ جَاءَكَ يَسْعَىٰ,0.66
"q17 = ""زوج ازواج اثنا""",1,"q17 = ""زوج ازواج اثنا ازواجا ازواجهم ازواجكم""",1,,,,
,,,,وَ أَنَّهُ خَلَقَ الزَّوْجَيْنِ الذَّكَرَ وَ الْأُنْثَىٰ,0.734,وَ كُنْتُمْ أَزْوَاجًا ثَلَاثَةً,0.689
,,,,فَجَعَلَ مِنْهُ الزَّوْجَيْنِ الذَّكَرَ وَ الْأُنْثَىٰ,0.731,وَ خَلَقْنَاكُمْ أَزْوَاجًا,0.648
,,,,فِيهِمَا مِنْ كُلِّ فَاكِهَةٍ زَوْجَانِ,0.671,وَ إِنْ فَاتَكُمْ شَيْءٌ مِنْ أَزْوَاجِكُمْ إِلَى الْكُفَّارِ فَعَاقَبْتُمْ فَآتُوا الَّذِينَ ذَهَبَتْ أَزْوَاجُهُمْ مِثْلَ مَا أَنْفَقُوا وَ اتَّقُوا اللَّهَ الَّذِي أَنْتُمْ بِهِ مُؤْمِنُونَ,0.613
,,,,وَ خَلَقْنَاكُمْ أَزْوَاجًا,0.669,ادْخُلُوا الْجَنَّةَ أَنْتُمْ وَ أَزْوَاجُكُمْ تُحْبَرُونَ,0.609
,,,,وَ إِذَا النُّفُوسُ زُوِّجَتْ,0.662,وَ اللَّهُ جَعَلَ لَكُمْ مِنْ أَنْفُسِكُمْ أَزْوَاجًا وَ جَعَلَ لَكُمْ مِنْ أَزْوَاجِكُمْ بَنِينَ وَ حَفَدَةً وَ رَزَقَكُمْ مِنَ الطَّيِّبَاتِ أَ فَبِالْبَاطِلِ يُؤْمِنُونَ وَ بِنِعْمَةِ اللَّهِ هُمْ يَكْفُرُونَ,0.593
,,,,وَ مِنْ كُلِّ شَيْءٍ خَلَقْنَا زَوْجَيْنِ لَعَلَّكُمْ تَذَكَّرُونَ,0.652,فَجَعَلَ مِنْهُ الزَّوْجَيْنِ الذَّكَرَ وَ الْأُنْثَىٰ,0.593
,,,,وَ كُنْتُمْ أَزْوَاجًا ثَلَاثَةً,0.633,وَ أَنَّهُ خَلَقَ الزَّوْجَيْنِ الذَّكَرَ وَ الْأُنْثَىٰ,0.59
,,,,ادْخُلُوا الْجَنَّةَ أَنْتُمْ وَ أَزْوَاجُكُمْ تُحْبَرُونَ,0.632,هُمْ وَ أَزْوَاجُهُمْ فِي ظِلَالٍ عَلَى الْأَرَائِكِ مُتَّكِئُونَ,0.588
,,,,كَذَلِكَ وَ زَوَّجْنَاهُمْ بِحُورٍ عِينٍ,0.621,عَسَىٰ رَبُّهُ إِنْ طَلَّقَكُنَّ أَنْ يُبْدِلَهُ أَزْوَاجًا خَيْرًا مِنْكُنَّ مُسْلِمَاتٍ مُؤْمِنَاتٍ قَانِتَاتٍ تَائِبَاتٍ عَابِدَاتٍ سَائِحَاتٍ ثَيِّبَاتٍ وَ أَبْكَارًا,0.586
,,,,وَ إِنْ أَرَدْتُمُ اسْتِبْدَالَ زَوْجٍ مَكَانَ زَوْجٍ وَ آتَيْتُمْ إِحْدَاهُنَّ قِنْطَارًا فَلَا تَأْخُذُوا مِنْهُ شَيْئًا أَ تَأْخُذُونَهُ بُهْتَانًا وَ إِثْمًا مُبِينًا,0.619,النَّبِيُّ أَوْلَىٰ بِالْمُؤْمِنِينَ مِنْ أَنْفُسِهِمْ وَ أَزْوَاجُهُ أُمَّهَاتُهُمْ وَ أُولُوا الْأَرْحَامِ بَعْضُهُمْ أَوْلَىٰ بِبَعْضٍ فِي كِتَابِ اللَّهِ مِنَ الْمُؤْمِنِينَ وَ الْمُهَاجِرِينَ إِلَّا أَنْ تَفْعَلُوا إِلَىٰ أَوْلِيَائِكُمْ مَعْرُوفًا كَانَ ذَلِكَ فِي الْكِتَابِ مَسْطُورًا,0.575
"q18 = ""صبر صلاه تقوا""",1,"q18 = ""صبر صلاه تقوا صبرا صبروا""",1,,,,
,,,,اصْلَوْهَا فَاصْبِرُوا أَوْ لَا تَصْبِرُوا سَوَاءٌ عَلَيْكُمْ إِنَّمَا تُجْزَوْنَ مَا كُنْتُمْ تَعْمَلُونَ,0.747,يَا أَيُّهَا الَّذِينَ آمَنُوا اسْتَعِينُوا بِالصَّبْرِ وَ الصَّلَاةِ إِنَّ اللَّهَ مَعَ الصَّابِرِينَ,0.758
,,,,قَالَ سَتَجِدُنِي إِنْ شَاءَ اللَّهُ صَابِرًا وَ لَا أَعْصِي لَكَ أَمْرًا,0.735,فَاصْبِرْ صَبْرًا جَمِيلًا,0.746
,,,,يَا أَيُّهَا الَّذِينَ آمَنُوا اسْتَعِينُوا بِالصَّبْرِ وَ الصَّلَاةِ إِنَّ اللَّهَ مَعَ الصَّابِرِينَ,0.731,يَا أَيُّهَا الَّذِينَ آمَنُوا اصْبِرُوا وَ صَابِرُوا وَ رَابِطُوا وَ اتَّقُوا اللَّهَ لَعَلَّكُمْ تُفْلِحُونَ,0.731
,,,,اصْبِرْ عَلَىٰ مَا يَقُولُونَ وَ اذْكُرْ عَبْدَنَا دَاوُودَ ذَا الْأَيْدِ إِنَّهُ أَوَّابٌ,0.719,اصْلَوْهَا فَاصْبِرُوا أَوْ لَا تَصْبِرُوا سَوَاءٌ عَلَيْكُمْ إِنَّمَا تُجْزَوْنَ مَا كُنْتُمْ تَعْمَلُونَ,0.728
,,,,إِلَّا الَّذِينَ آمَنُوا وَ عَمِلُوا الصَّالِحَاتِ وَ تَوَاصَوْا بِالْحَقِّ وَ تَوَاصَوْا بِالصَّبْرِ,0.714,الَّذِينَ صَبَرُوا وَ عَلَىٰ رَبِّهِمْ يَتَوَكَّلُونَ,0.696
,,,,فَاصْبِرْ صَبْرًا جَمِيلًا,0.711,الَّذِينَ صَبَرُوا وَ عَلَىٰ رَبِّهِمْ يَتَوَكَّلُونَ,0.696
,,,,الَّذِينَ صَبَرُوا وَ عَلَىٰ رَبِّهِمْ يَتَوَكَّلُونَ,0.697,ثُمَّ إِنَّ رَبَّكَ لِلَّذِينَ هَاجَرُوا مِنْ بَعْدِ مَا فُتِنُوا ثُمَّ جَاهَدُوا وَ صَبَرُوا إِنَّ رَبَّكَ مِنْ بَعْدِهَا لَغَفُورٌ رَحِيمٌ,0.694
,,,,الَّذِينَ صَبَرُوا وَ عَلَىٰ رَبِّهِمْ يَتَوَكَّلُونَ,0.697,وَ أَطِيعُوا اللَّهَ وَ رَسُولَهُ وَ لَا تَنَازَعُوا فَتَفْشَلُوا وَ تَذْهَبَ رِيحُكُمْ وَ اصْبِرُوا إِنَّ اللَّهَ مَعَ الصَّابِرِينَ,0.692
,,,,وَ جَاءُوا عَلَىٰ قَمِيصِهِ بِدَمٍ كَذِبٍ قَالَ بَلْ سَوَّلَتْ لَكُمْ أَنْفُسُكُمْ أَمْرًا فَصَبْرٌ جَمِيلٌ وَ اللَّهُ الْمُسْتَعَانُ عَلَىٰ مَا تَصِفُونَ,0.687,قَالَ سَتَجِدُنِي إِنْ شَاءَ اللَّهُ صَابِرًا وَ لَا أَعْصِي لَكَ أَمْرًا,0.688
,,,,يَطْمَعُ كُلُّ امْرِئٍ مِنْهُمْ أَنْ يُدْخَلَ جَنَّةَ نَعِيمٍ كَلَّا,0.685,وَ اصْبِرْ وَ مَا صَبْرُكَ إِلَّا بِاللَّهِ وَ لَا تَحْزَنْ عَلَيْهِمْ وَ لَا تَكُ فِي ضَيْقٍ مِمَّا يَمْكُرُونَ,0.677
"q19 = ""نصر من الله""",1,"q19 = ""نصر من الله ينصرون انصرني كذبون""",1,,,,
,,,,وَ يَنْصُرَكَ اللَّهُ نَصْرًا عَزِيزًا,0.754,مِنْ دُونِ اللَّهِ هَلْ يَنْصُرُونَكُمْ أَوْ يَنْتَصِرُونَ,0.773
,,,,مِنْ دُونِ اللَّهِ هَلْ يَنْصُرُونَكُمْ أَوْ يَنْتَصِرُونَ,0.667,وَ يَنْصُرَكَ اللَّهُ نَصْرًا عَزِيزًا,0.771
,,,,وَ نَصَرْنَاهُمْ فَكَانُوا هُمُ الْغَالِبِينَ,0.629,قَالَ رَبِّ انْصُرْنِي بِمَا كَذَّبُونِ,0.749
,,,,يَا أَيُّهَا الَّذِينَ آمَنُوا إِنْ تَنْصُرُوا اللَّهَ يَنْصُرْكُمْ وَ يُثَبِّتْ أَقْدَامَكُمْ,0.627,قَالَ رَبِّ انْصُرْنِي بِمَا كَذَّبُونِ,0.749
,,,,وَ اصْطَنَعْتُكَ لِنَفْسِي,0.623,بِنَصْرِ اللَّهِ يَنْصُرُ مَنْ يَشَاءُ وَ هُوَ الْعَزِيزُ الرَّحِيمُ,0.733
,,,,لِأَيِّ يَوْمٍ أُجِّلَتْ,0.621,قَالَ رَبِّ انْصُرْنِي عَلَى الْقَوْمِ الْمُفْسِدِينَ,0.725
,,,,إِلَّا عِبَادَ اللَّهِ الْمُخْلَصِينَ,0.61,وَ يَا قَوْمِ مَنْ يَنْصُرُنِي مِنَ اللَّهِ إِنْ طَرَدْتُهُمْ أَ فَلَا تَذَكَّرُونَ,0.72
,,,,إِلَّا عِبَادَ اللَّهِ الْمُخْلَصِينَ,0.61,يَا أَيُّهَا الَّذِينَ آمَنُوا إِنْ تَنْصُرُوا اللَّهَ يَنْصُرْكُمْ وَ يُثَبِّتْ أَقْدَامَكُمْ,0.713
,,,,إِلَّا عِبَادَ اللَّهِ الْمُخْلَصِينَ,0.61,وَ يَقُولُونَ مَتَىٰ هَذَا الْفَتْحُ إِنْ كُنْتُمْ صَادِقِينَ,0.706
,,,,إِلَّا عِبَادَ اللَّهِ الْمُخْلَصِينَ,0.61,بَلِ اللَّهُ مَوْلَاكُمْ وَ هُوَ خَيْرُ النَّاصِرِينَ,0.691
"q20 = ""وسوس شیطان""",1,"q20 = ""وسوس شيطان من رجيم""",1,,,,
,,,,مِنْ شَرِّ الْوَسْوَاسِ الْخَنَّاسِ,0.719,مِنْ شَرِّ الْوَسْوَاسِ الْخَنَّاسِ,0.757
,,,,لَا يَمَسُّهُمْ فِيهَا نَصَبٌ وَ مَا هُمْ مِنْهَا بِمُخْرَجِينَ,0.66,وَ مَا هُوَ بِقَوْلِ شَيْطَانٍ رَجِيمٍ,0.737
,,,,فَإِنْ كَانَ لَكُمْ كَيْدٌ فَكِيدُونِ,0.657,وَ حِفْظًا مِنْ كُلِّ شَيْطَانٍ مَارِدٍ,0.701
,,,,إِذَا مَسَّهُ الشَّرُّ جَزُوعًا,0.647,إِنَّهُمْ يَكِيدُونَ كَيْدًا,0.663
,,,,إِلَىٰ فِرْعَوْنَ وَ هَامَانَ وَ قَارُونَ فَقَالُوا سَاحِرٌ كَذَّابٌ,0.646,فَتَوَلَّىٰ بِرُكْنِهِ وَ قَالَ سَاحِرٌ أَوْ مَجْنُونٌ,0.657
,,,,إِنَّهُمْ يَكِيدُونَ كَيْدًا,0.638,فَإِنْ كَانَ لَكُمْ كَيْدٌ فَكِيدُونِ,0.654
,,,,وَ بِالْأَسْحَارِ هُمْ يَسْتَغْفِرُونَ,0.638,فَجَعَلَ مِنْهُ الزَّوْجَيْنِ الذَّكَرَ وَ الْأُنْثَىٰ,0.64
,,,,فَتَوَلَّىٰ بِرُكْنِهِ وَ قَالَ سَاحِرٌ أَوْ مَجْنُونٌ,0.638,إِلَّا عِبَادَكَ مِنْهُمُ الْمُخْلَصِينَ,0.636
,,,,وَ جَعَلْنَا نَوْمَكُمْ سُبَاتًا,0.633,إِلَّا عِبَادَكَ مِنْهُمُ الْمُخْلَصِينَ,0.636
,,,,فَكَذَّبَ وَ عَصَىٰ,0.626,قَالَ لِلْمَلَإِ حَوْلَهُ إِنَّ هَذَا لَسَاحِرٌ عَلِيمٌ,0.635
"q21 = ""حیاه الاخره و حیاه الدنیا""",1,"q21 = ""حياه الاخره و حياه الدنيا الحياه في متاع لهم من""",1,,,,
,,,,اللَّهُ يَبْسُطُ الرِّزْقَ لِمَنْ يَشَاءُ وَ يَقْدِرُ وَ فَرِحُوا بِالْحَيَاةِ الدُّنْيَا وَ مَا الْحَيَاةُ الدُّنْيَا فِي الْآخِرَةِ إِلَّا مَتَاعٌ,0.78,وَ زُخْرُفًا وَ إِنْ كُلُّ ذَلِكَ لَمَّا مَتَاعُ الْحَيَاةِ الدُّنْيَا وَ الْآخِرَةُ عِنْدَ رَبِّكَ لِلْمُتَّقِينَ,0.803
,,,,يَا قَوْمِ إِنَّمَا هَذِهِ الْحَيَاةُ الدُّنْيَا مَتَاعٌ وَ إِنَّ الْآخِرَةَ هِيَ دَارُ الْقَرَارِ,0.766,اللَّهُ يَبْسُطُ الرِّزْقَ لِمَنْ يَشَاءُ وَ يَقْدِرُ وَ فَرِحُوا بِالْحَيَاةِ الدُّنْيَا وَ مَا الْحَيَاةُ الدُّنْيَا فِي الْآخِرَةِ إِلَّا مَتَاعٌ,0.798
,,,,وَ مَا هَذِهِ الْحَيَاةُ الدُّنْيَا إِلَّا لَهْوٌ وَ لَعِبٌ وَ إِنَّ الدَّارَ الْآخِرَةَ لَهِيَ الْحَيَوَانُ لَوْ كَانُوا يَعْلَمُونَ,0.757,وَ أَتْبَعْنَاهُمْ فِي هَذِهِ الدُّنْيَا لَعْنَةً وَ يَوْمَ الْقِيَامَةِ هُمْ مِنَ الْمَقْبُوحِينَ,0.768
,,,,وَ زُخْرُفًا وَ إِنْ كُلُّ ذَلِكَ لَمَّا مَتَاعُ الْحَيَاةِ الدُّنْيَا وَ الْآخِرَةُ عِنْدَ رَبِّكَ لِلْمُتَّقِينَ,0.745,لَهُمْ عَذَابٌ فِي الْحَيَاةِ الدُّنْيَا وَ لَعَذَابُ الْآخِرَةِ أَشَقُّ وَ مَا لَهُمْ مِنَ اللَّهِ مِنْ وَاقٍ,0.763
,,,,لَهُمْ عَذَابٌ فِي الْحَيَاةِ الدُّنْيَا وَ لَعَذَابُ الْآخِرَةِ أَشَقُّ وَ مَا لَهُمْ مِنَ اللَّهِ مِنْ وَاقٍ,0.743,يَا قَوْمِ إِنَّمَا هَذِهِ الْحَيَاةُ الدُّنْيَا مَتَاعٌ وَ إِنَّ الْآخِرَةَ هِيَ دَارُ الْقَرَارِ,0.754
,,,,ذَلِكَ بِأَنَّهُمُ اسْتَحَبُّوا الْحَيَاةَ الدُّنْيَا عَلَى الْآخِرَةِ وَ أَنَّ اللَّهَ لَا يَهْدِي الْقَوْمَ الْكَافِرِينَ,0.731,وَ مَا هَذِهِ الْحَيَاةُ الدُّنْيَا إِلَّا لَهْوٌ وَ لَعِبٌ وَ إِنَّ الدَّارَ الْآخِرَةَ لَهِيَ الْحَيَوَانُ لَوْ كَانُوا يَعْلَمُونَ,0.752
,,,,لَهُمُ الْبُشْرَىٰ فِي الْحَيَاةِ الدُّنْيَا وَ فِي الْآخِرَةِ لَا تَبْدِيلَ لِكَلِمَاتِ اللَّهِ ذَلِكَ هُوَ الْفَوْزُ الْعَظِيمُ,0.73,وَ أُتْبِعُوا فِي هَذِهِ الدُّنْيَا لَعْنَةً وَ يَوْمَ الْقِيَامَةِ أَلَا إِنَّ عَادًا كَفَرُوا رَبَّهُمْ أَلَا بُعْدًا لِعَادٍ قَوْمِ هُودٍ,0.751
,,,,وَ مَا الْحَيَاةُ الدُّنْيَا إِلَّا لَعِبٌ وَ لَهْوٌ وَ لَلدَّارُ الْآخِرَةُ خَيْرٌ لِلَّذِينَ يَتَّقُونَ أَ فَلَا تَعْقِلُونَ,0.727,وَ آثَرَ الْحَيَاةَ الدُّنْيَا,0.75
,,,,وَ قَالُوا إِنْ هِيَ إِلَّا حَيَاتُنَا الدُّنْيَا وَ مَا نَحْنُ بِمَبْعُوثِينَ,0.722,بَلْ تُؤْثِرُونَ الْحَيَاةَ الدُّنْيَا,0.742
,,,,فَأَذَاقَهُمُ اللَّهُ الْخِزْيَ فِي الْحَيَاةِ الدُّنْيَا وَ لَعَذَابُ الْآخِرَةِ أَكْبَرُ لَوْ كَانُوا يَعْلَمُونَ,0.72,لَهُمُ الْبُشْرَىٰ فِي الْحَيَاةِ الدُّنْيَا وَ فِي الْآخِرَةِ لَا تَبْدِيلَ لِكَلِمَاتِ اللَّهِ ذَلِكَ هُوَ الْفَوْزُ الْعَظِيمُ,0.732
"q22 = ""اصحاب یمین شمال""",1,"q22 = ""اصحاب يمين شمال اليمين الشمال باليمين""",1,,,,
,,,,لِأَصْحَابِ الْيَمِينِ,0.777,الْيَمِينِ وَ عَنِ الشِّمَالِ عِزِينَ أَ,0.744
,,,,لَأَخَذْنَا مِنْهُ بِالْيَمِينِ,0.776,وَ أَصْحَابُ الْيَمِينِ مَا أَصْحَابُ الْيَمِينِ,0.73
,,,,وَ الشَّفْعِ وَ الْوَتْرِ,0.71,وَ أَصْحَابُ الشِّمَالِ مَا أَصْحَابُ الشِّمَالِ,0.708
,,,,مَلِكِ النَّاسِ,0.702,إِلَّا أَصْحَابَ الْيَمِينِ,0.688
,,,,الْيَمِينِ وَ عَنِ الشِّمَالِ عِزِينَ أَ,0.701,لِأَصْحَابِ الْيَمِينِ,0.668
,,,,كَأَنَّهُ جِمَالَةٌ صُفْرٌ,0.7,لَأَخَذْنَا مِنْهُ بِالْيَمِينِ,0.628
,,,,وَ خَسَفَ الْقَمَرُ,0.69,فَسَلَامٌ لَكَ مِنْ أَصْحَابِ الْيَمِينِ,0.627
,,,,وَ الصُّبْحِ إِذَا أَسْفَرَ,0.69,أُقْسِمُ بِرَبِّ الْمَشَارِقِ وَ الْمَغَارِبِ إِنَّا لَقَادِرُونَ عَلَىٰ,0.62
,,,,فَالْمُغِيرَاتِ صُبْحًا,0.69,إِذْ يَتَلَقَّى الْمُتَلَقِّيَانِ عَنِ الْيَمِينِ وَ عَنِ الشِّمَالِ قَعِيدٌ,0.615
,,,,وَ بِاللَّيْلِ أَ فَلَا تَعْقِلُونَ,0.689,قَالُوا إِنَّكُمْ كُنْتُمْ تَأْتُونَنَا عَنِ الْيَمِينِ,0.61
"q23 = ""قرض الحسنه مضاعف""",1,"q23 = ""قرض الحسنه مضاعف قرضا الله""",1,,,,
,,,,مَنْ ذَا الَّذِي يُقْرِضُ اللَّهَ قَرْضًا حَسَنًا فَيُضَاعِفَهُ لَهُ وَ لَهُ أَجْرٌ كَرِيمٌ,0.712,إِنَّ الْمُصَّدِّقِينَ وَ الْمُصَّدِّقَاتِ وَ أَقْرَضُوا اللَّهَ قَرْضًا حَسَنًا يُضَاعَفُ لَهُمْ وَ لَهُمْ أَجْرٌ كَرِيمٌ,0.73
,,,,إِنَّ الْمُصَّدِّقِينَ وَ الْمُصَّدِّقَاتِ وَ أَقْرَضُوا اللَّهَ قَرْضًا حَسَنًا يُضَاعَفُ لَهُمْ وَ لَهُمْ أَجْرٌ كَرِيمٌ,0.68,مَنْ ذَا الَّذِي يُقْرِضُ اللَّهَ قَرْضًا حَسَنًا فَيُضَاعِفَهُ لَهُ وَ لَهُ أَجْرٌ كَرِيمٌ,0.699
,,,,وَ لَهَدَيْنَاهُمْ صِرَاطًا مُسْتَقِيمًا,0.63,إِنْ تُقْرِضُوا اللَّهَ قَرْضًا حَسَنًا يُضَاعِفْهُ لَكُمْ وَ يَغْفِرْ لَكُمْ وَ اللَّهُ شَكُورٌ حَلِيمٌ,0.657
,,,,اهْدِنَا الصِّرَاطَ الْمُسْتَقِيمَ,0.63,وَ لَسَوْفَ يُعْطِيكَ رَبُّكَ فَتَرْضَىٰ,0.647
,,,,وَ هَدَيْنَاهُمَا الصِّرَاطَ الْمُسْتَقِيمَ,0.63,يَوْمَ لَا يُغْنِي عَنْهُمْ كَيْدُهُمْ شَيْئًا وَ لَا هُمْ يُنْصَرُونَ,0.639
,,,,وَ لَسَوْفَ يُعْطِيكَ رَبُّكَ فَتَرْضَىٰ,0.618,قَالُوا بَشَّرْنَاكَ بِالْحَقِّ فَلَا تَكُنْ مِنَ الْقَانِطِينَ,0.638
,,,,سَنَسِمُهُ عَلَى الْخُرْطُومِ,0.615,وَ لِلْمُطَلَّقَاتِ مَتَاعٌ بِالْمَعْرُوفِ حَقًّا عَلَى الْمُتَّقِينَ,0.629
,,,,فَلَمَّا أَحَسُّوا بَأْسَنَا إِذَا هُمْ مِنْهَا يَرْكُضُونَ,0.614,فَأَخَذَتْهُمُ الصَّيْحَةُ مُصْبِحِينَ,0.624
,,,,نَاصِيَةٍ كَاذِبَةٍ خَاطِئَةٍ,0.612,يَوْمَ يَأْتِ لَا تَكَلَّمُ نَفْسٌ إِلَّا بِإِذْنِهِ فَمِنْهُمْ شَقِيٌّ وَ سَعِيدٌ,0.624
,,,,إِلَّا أَصْحَابَ الْيَمِينِ,0.611,فَسَلَامٌ لَكَ مِنْ أَصْحَابِ الْيَمِينِ,0.623
"q24 = ""كذبت عاد فكيف كان عذابي و نذر""",1,"q24 = ""كذبت عاد فكيف كان عذابي و نذر المرسلين ثمود نذير نوح تنذرهم""",0.14,,,,
,,,,كَذَّبَتْ عَادٌ فَكَيْفَ كَانَ عَذَابِي وَ نُذُرِ,1,مِثْلَ دَأْبِ قَوْمِ نُوحٍ وَ عَادٍ وَ ثَمُودَ وَ الَّذِينَ مِنْ بَعْدِهِمْ وَ مَا اللَّهُ يُرِيدُ ظُلْمًا لِلْعِبَادِ,0.823
,,,,فَكَيْفَ كَانَ عَذَابِي وَ نُذُرِ,0.907,كَذَّبَتْ ثَمُودُ وَ عَادٌ بِالْقَارِعَةِ,0.821
,,,,فَكَيْفَ كَانَ عَذَابِي وَ نُذُرِ,0.907,وَ قَوْمَ نُوحٍ لَمَّا كَذَّبُوا الرُّسُلَ أَغْرَقْنَاهُمْ وَ جَعَلْنَاهُمْ لِلنَّاسِ آيَةً وَ أَعْتَدْنَا لِلظَّالِمِينَ عَذَابًا أَلِيمًا,0.816
,,,,فَكَيْفَ كَانَ عَذَابِي وَ نُذُرِ,0.907,وَ لَقَدْ أَرْسَلْنَا إِلَىٰ ثَمُودَ أَخَاهُمْ صَالِحًا أَنِ اعْبُدُوا اللَّهَ فَإِذَا هُمْ فَرِيقَانِ يَخْتَصِمُونَ,0.806
,,,,كَذَّبَتْ ثَمُودُ وَ عَادٌ بِالْقَارِعَةِ,0.791,أَ لَمْ يَأْتِهِمْ نَبَأُ الَّذِينَ مِنْ قَبْلِهِمْ قَوْمِ نُوحٍ وَ عَادٍ وَ ثَمُودَ وَ قَوْمِ إِبْرَاهِيمَ وَ أَصْحَابِ مَدْيَنَ وَ الْمُؤْتَفِكَاتِ أَتَتْهُمْ رُسُلُهُمْ بِالْبَيِّنَاتِ فَمَا كَانَ اللَّهُ لِيَظْلِمَهُمْ وَ لَكِنْ كَانُوا أَنْفُسَهُمْ يَظْلِمُونَ,0.804
,,,,فَذُوقُوا عَذَابِي وَ نُذُرِ,0.781,وَ لَقَدِ اسْتُهْزِئَ بِرُسُلٍ مِنْ قَبْلِكَ فَأَمْلَيْتُ لِلَّذِينَ كَفَرُوا ثُمَّ أَخَذْتُهُمْ فَكَيْفَ كَانَ عِقَابِ,0.797
,,,,وَ أَصْحَابُ مَدْيَنَ وَ كُذِّبَ مُوسَىٰ فَأَمْلَيْتُ لِلْكَافِرِينَ ثُمَّ أَخَذْتُهُمْ فَكَيْفَ كَانَ نَكِيرِ,0.76,كَذَّبَتْ عَادٌ فَكَيْفَ كَانَ عَذَابِي وَ نُذُرِ,0.794
,,,,وَ أُتْبِعُوا فِي هَذِهِ الدُّنْيَا لَعْنَةً وَ يَوْمَ الْقِيَامَةِ أَلَا إِنَّ عَادًا كَفَرُوا رَبَّهُمْ أَلَا بُعْدًا لِعَادٍ قَوْمِ هُودٍ,0.758,كَذَّبَتْ ثَمُودُ الْمُرْسَلِينَ,0.794
,,,,وَ إِنْ يُكَذِّبُوكَ فَقَدْ كَذَّبَتْ قَبْلَهُمْ قَوْمُ نُوحٍ وَ عَادٌ وَ ثَمُودُ,0.755,كَأَنْ لَمْ يَغْنَوْا فِيهَا أَلَا إِنَّ ثَمُودَ كَفَرُوا رَبَّهُمْ أَلَا بُعْدًا لِثَمُودَ,0.789
,,,,وَ لَقَدْ كَذَّبَ الَّذِينَ مِنْ قَبْلِهِمْ فَكَيْفَ كَانَ نَكِيرِ,0.753,إِنَّا أَرْسَلْنَا نُوحًا إِلَىٰ قَوْمِهِ أَنْ أَنْذِرْ قَوْمَكَ مِنْ قَبْلِ أَنْ يَأْتِيَهُمْ عَذَابٌ أَلِيمٌ,0.787
"q25 = ""اَللَّـهُ لَا إِلَـٰهَ إِلَّا هُوَ الْحَيُّ الْقَيُّومُ ۚ لَا تَأْخُذُهُ سِنَةٌ وَلَا نَوْمٌ ۚ لَّهُ مَا فِي السَّمَاوَاتِ وَمَا فِي الْأَرْ‌ضِ ۗ مَن ذَا الَّذِي يَشْفَعُ عِندَهُ إِلَّا بِإِذْنِهِ ۚ يَعْلَمُ مَا بَيْنَ أَيْدِيهِمْ وَمَا خَلْفَهُمْ ۖ وَلَا يُحِيطُونَ بِشَيْءٍ مِّنْ عِلْمِهِ إِلَّا بِمَا شَاءَ ۚ وَسِعَ كُرْ‌سِيُّهُ السَّمَاوَاتِ وَالْأَرْ‌ضَ ۖ وَلَا يَئُودُهُ حِفْظُهُمَا ۚ وَهُوَ الْعَلِيُّ الْعَظِيمُ""",1,"q25 = ""الله لا اله الا هو الحي القيوم لا تاخذه سنه ولا نوم له ما في السماوات وما في الار ض من ذا الذي يشفع عنده الا باذنه يعلم ما بين ايديهم وما خلفهم ولا يحيطون بشي من علمه الا بما شا وسع كر سيه السماوات والار ض ولا يئوده حفظهما وهو العلي العظيم الارض علما الامور العرش الغيب الثري ان يعلمها تصير الهكم ترجع يستحسرون""",1,,,,
,,,,اللَّهُ لَا إِلَهَ إِلَّا هُوَ الْحَيُّ الْقَيُّومُ لَا تَأْخُذُهُ سِنَةٌ وَ لَا نَوْمٌ لَهُ مَا فِي السَّمَاوَاتِ وَ مَا فِي الْأَرْضِ مَنْ ذَا الَّذِي يَشْفَعُ عِنْدَهُ إِلَّا بِإِذْنِهِ يَعْلَمُ مَا بَيْنَ أَيْدِيهِمْ وَ مَا خَلْفَهُمْ وَ لَا يُحِيطُونَ بِشَيْءٍ مِنْ عِلْمِهِ إِلَّا بِمَا شَاءَ وَسِعَ كُرْسِيُّهُ السَّمَاوَاتِ وَ الْأَرْضَ وَ لَا يَئُودُهُ حِفْظُهُمَا وَ هُوَ الْعَلِيُّ الْعَظِيمُ,0.967,اللَّهُ لَا إِلَهَ إِلَّا هُوَ الْحَيُّ الْقَيُّومُ لَا تَأْخُذُهُ سِنَةٌ وَ لَا نَوْمٌ لَهُ مَا فِي السَّمَاوَاتِ وَ مَا فِي الْأَرْضِ مَنْ ذَا الَّذِي يَشْفَعُ عِنْدَهُ إِلَّا بِإِذْنِهِ يَعْلَمُ مَا بَيْنَ أَيْدِيهِمْ وَ مَا خَلْفَهُمْ وَ لَا يُحِيطُونَ بِشَيْءٍ مِنْ عِلْمِهِ إِلَّا بِمَا شَاءَ وَسِعَ كُرْسِيُّهُ السَّمَاوَاتِ وَ الْأَرْضَ وَ لَا يَئُودُهُ حِفْظُهُمَا وَ هُوَ الْعَلِيُّ الْعَظِيمُ,0.838
,,,,أَ لَمْ تَرَ أَنَّ اللَّهَ يَعْلَمُ مَا فِي السَّمَاوَاتِ وَ مَا فِي الْأَرْضِ مَا يَكُونُ مِنْ نَجْوَىٰ ثَلَاثَةٍ إِلَّا هُوَ رَابِعُهُمْ وَ لَا خَمْسَةٍ إِلَّا هُوَ سَادِسُهُمْ وَ لَا أَدْنَىٰ مِنْ ذَلِكَ وَ لَا أَكْثَرَ إِلَّا هُوَ مَعَهُمْ أَيْنَ مَا كَانُوا ثُمَّ يُنَبِّئُهُمْ بِمَا عَمِلُوا يَوْمَ الْقِيَامَةِ إِنَّ اللَّهَ بِكُلِّ شَيْءٍ عَلِيمٌ,0.851,وَ تَبَارَكَ الَّذِي لَهُ مُلْكُ السَّمَاوَاتِ وَ الْأَرْضِ وَ مَا بَيْنَهُمَا وَ عِنْدَهُ عِلْمُ السَّاعَةِ وَ إِلَيْهِ تُرْجَعُونَ,0.809
,,,,يَعْلَمُ مَا بَيْنَ أَيْدِيهِمْ وَ مَا خَلْفَهُمْ وَ لَا يُحِيطُونَ بِهِ عِلْمًا,0.829,أَ لَمْ تَرَ أَنَّ اللَّهَ يَعْلَمُ مَا فِي السَّمَاوَاتِ وَ مَا فِي الْأَرْضِ مَا يَكُونُ مِنْ نَجْوَىٰ ثَلَاثَةٍ إِلَّا هُوَ رَابِعُهُمْ وَ لَا خَمْسَةٍ إِلَّا هُوَ سَادِسُهُمْ وَ لَا أَدْنَىٰ مِنْ ذَلِكَ وَ لَا أَكْثَرَ إِلَّا هُوَ مَعَهُمْ أَيْنَ مَا كَانُوا ثُمَّ يُنَبِّئُهُمْ بِمَا عَمِلُوا يَوْمَ الْقِيَامَةِ إِنَّ اللَّهَ بِكُلِّ شَيْءٍ عَلِيمٌ,0.801
,,,,وَ عِنْدَهُ مَفَاتِحُ الْغَيْبِ لَا يَعْلَمُهَا إِلَّا هُوَ وَ يَعْلَمُ مَا فِي الْبَرِّ وَ الْبَحْرِ وَ مَا تَسْقُطُ مِنْ وَرَقَةٍ إِلَّا يَعْلَمُهَا وَ لَا حَبَّةٍ فِي ظُلُمَاتِ الْأَرْضِ وَ لَا رَطْبٍ وَ لَا يَابِسٍ إِلَّا فِي كِتَابٍ مُبِينٍ,0.828,وَ لَوْ لَا فَضْلُ اللَّهِ عَلَيْكَ وَ رَحْمَتُهُ لَهَمَّتْ طَائِفَةٌ مِنْهُمْ أَنْ يُضِلُّوكَ وَ مَا يُضِلُّونَ إِلَّا أَنْفُسَهُمْ وَ مَا يَضُرُّونَكَ مِنْ شَيْءٍ وَ أَنْزَلَ اللَّهُ عَلَيْكَ الْكِتَابَ وَ الْحِكْمَةَ وَ عَلَّمَكَ مَا لَمْ تَكُنْ تَعْلَمُ وَ كَانَ فَضْلُ اللَّهِ عَلَيْكَ عَظِيمًا,0.795
,,,,هُوَ الَّذِي خَلَقَ السَّمَاوَاتِ وَ الْأَرْضَ فِي سِتَّةِ أَيَّامٍ ثُمَّ اسْتَوَىٰ عَلَى الْعَرْشِ يَعْلَمُ مَا يَلِجُ فِي الْأَرْضِ وَ مَا يَخْرُجُ مِنْهَا وَ مَا يَنْزِلُ مِنَ السَّمَاءِ وَ مَا يَعْرُجُ فِيهَا وَ هُوَ مَعَكُمْ أَيْنَ مَا كُنْتُمْ وَ اللَّهُ بِمَا تَعْمَلُونَ بَصِيرٌ,0.826,أَ لَمْ تَرَوْا أَنَّ اللَّهَ سَخَّرَ لَكُمْ مَا فِي السَّمَاوَاتِ وَ مَا فِي الْأَرْضِ وَ أَسْبَغَ عَلَيْكُمْ نِعَمَهُ ظَاهِرَةً وَ بَاطِنَةً وَ مِنَ النَّاسِ مَنْ يُجَادِلُ فِي اللَّهِ بِغَيْرِ عِلْمٍ وَ لَا هُدًى وَ لَا كِتَابٍ مُنِيرٍ,0.793
,,,,يُسَبِّحُ لِلَّهِ مَا فِي السَّمَاوَاتِ وَ مَا فِي الْأَرْضِ لَهُ الْمُلْكُ وَ لَهُ الْحَمْدُ وَ هُوَ عَلَىٰ كُلِّ شَيْءٍ قَدِيرٌ,0.822,أَلَا إِنَّ لِلَّهِ مَا فِي السَّمَاوَاتِ وَ الْأَرْضِ قَدْ يَعْلَمُ مَا أَنْتُمْ عَلَيْهِ وَ يَوْمَ يُرْجَعُونَ إِلَيْهِ فَيُنَبِّئُهُمْ بِمَا عَمِلُوا وَ اللَّهُ بِكُلِّ شَيْءٍ عَلِيمٌ,0.793
,,,,قُلْ إِنْ تُخْفُوا مَا فِي صُدُورِكُمْ أَوْ تُبْدُوهُ يَعْلَمْهُ اللَّهُ وَ يَعْلَمُ مَا فِي السَّمَاوَاتِ وَ مَا فِي الْأَرْضِ وَ اللَّهُ عَلَىٰ كُلِّ شَيْءٍ قَدِيرٌ,0.818,الَّذِينَ يَجْتَنِبُونَ كَبَائِرَ الْإِثْمِ وَ الْفَوَاحِشَ إِلَّا اللَّمَمَ إِنَّ رَبَّكَ وَاسِعُ الْمَغْفِرَةِ هُوَ أَعْلَمُ بِكُمْ إِذْ أَنْشَأَكُمْ مِنَ الْأَرْضِ وَ إِذْ أَنْتُمْ أَجِنَّةٌ فِي بُطُونِ أُمَّهَاتِكُمْ فَلَا تُزَكُّوا أَنْفُسَكُمْ هُوَ أَعْلَمُ بِمَنِ اتَّقَىٰ,0.792
,,,,قُلْ أَنْزَلَهُ الَّذِي يَعْلَمُ السِّرَّ فِي السَّمَاوَاتِ وَ الْأَرْضِ إِنَّهُ كَانَ غَفُورًا رَحِيمًا,0.818,قُلْ لَا يَعْلَمُ مَنْ فِي السَّمَاوَاتِ وَ الْأَرْضِ الْغَيْبَ إِلَّا اللَّهُ وَ مَا يَشْعُرُونَ أَيَّانَ يُبْعَثُونَ,0.789
,,,,إِنَّ رَبَّكُمُ اللَّهُ الَّذِي خَلَقَ السَّمَاوَاتِ وَ الْأَرْضَ فِي سِتَّةِ أَيَّامٍ ثُمَّ اسْتَوَىٰ عَلَى الْعَرْشِ يُدَبِّرُ الْأَمْرَ مَا مِنْ شَفِيعٍ إِلَّا مِنْ بَعْدِ إِذْنِهِ ذَلِكُمُ اللَّهُ رَبُّكُمْ فَاعْبُدُوهُ أَ فَلَا تَذَكَّرُونَ,0.818,إِنَّ رَبَّكُمُ اللَّهُ الَّذِي خَلَقَ السَّمَاوَاتِ وَ الْأَرْضَ فِي سِتَّةِ أَيَّامٍ ثُمَّ اسْتَوَىٰ عَلَى الْعَرْشِ يُدَبِّرُ الْأَمْرَ مَا مِنْ شَفِيعٍ إِلَّا مِنْ بَعْدِ إِذْنِهِ ذَلِكُمُ اللَّهُ رَبُّكُمْ فَاعْبُدُوهُ أَ فَلَا تَذَكَّرُونَ,0.788
,,,,اللَّهُ الَّذِي خَلَقَ السَّمَاوَاتِ وَ الْأَرْضَ وَ مَا بَيْنَهُمَا فِي سِتَّةِ أَيَّامٍ ثُمَّ اسْتَوَىٰ عَلَى الْعَرْشِ مَا لَكُمْ مِنْ دُونِهِ مِنْ وَلِيٍّ وَ لَا شَفِيعٍ أَ فَلَا تَتَذَكَّرُونَ,0.816,وَ مَا مِنْ دَابَّةٍ فِي الْأَرْضِ وَ لَا طَائِرٍ يَطِيرُ بِجَنَاحَيْهِ إِلَّا أُمَمٌ أَمْثَالُكُمْ مَا فَرَّطْنَا فِي الْكِتَابِ مِنْ شَيْءٍ ثُمَّ إِلَىٰ رَبِّهِمْ يُحْشَرُونَ,0.785
"q26 = ""غفور رحیم کریم علیم سمیع بصیر رحیم رحمن""",1,"q26 = ""غفور رحيم كريم عليم سميع بصير رحيم رحمن الرحيم الرحمن لهو العزيز ربك هو""",1,,,,
,,,,اعْلَمُوا أَنَّ اللَّهَ شَدِيدُ الْعِقَابِ وَ أَنَّ اللَّهَ غَفُورٌ رَحِيمٌ,0.702,رَحْمَةً مِنْ رَبِّكَ إِنَّهُ هُوَ السَّمِيعُ الْعَلِيمُ,0.749
,,,,نُزُلًا مِنْ غَفُورٍ رَحِيمٍ,0.698,وَ إِنَّ رَبَّكَ لَهُوَ الْعَزِيزُ الرَّحِيمُ,0.745
,,,,تَنْزِيلٌ مِنَ الرَّحْمَنِ الرَّحِيمِ,0.686,وَ إِنَّ رَبَّكَ لَهُوَ الْعَزِيزُ الرَّحِيمُ,0.745
,,,,وَ هُوَ الْغَفُورُ الْوَدُودُ,0.68,وَ إِنَّ رَبَّكَ لَهُوَ الْعَزِيزُ الرَّحِيمُ,0.745
,,,,بِسْمِ اللَّهِ الرَّحْمَنِ الرَّحِيمِ,0.673,وَ إِنَّ رَبَّكَ لَهُوَ الْعَزِيزُ الرَّحِيمُ,0.745
,,,,وَ تَمَّتْ كَلِمَةُ رَبِّكَ صِدْقًا وَ عَدْلًا لَا مُبَدِّلَ لِكَلِمَاتِهِ وَ هُوَ السَّمِيعُ الْعَلِيمُ,0.661,وَ إِنَّ رَبَّكَ لَهُوَ الْعَزِيزُ الرَّحِيمُ,0.745
,,,,وَ إِنَّ رَبَّكَ لَهُوَ الْعَزِيزُ الرَّحِيمُ,0.66,وَ إِنَّ رَبَّكَ لَهُوَ الْعَزِيزُ الرَّحِيمُ,0.745
,,,,وَ إِنَّ رَبَّكَ لَهُوَ الْعَزِيزُ الرَّحِيمُ,0.66,وَ إِنَّ رَبَّكَ لَهُوَ الْعَزِيزُ الرَّحِيمُ,0.745
,,,,وَ إِنَّ رَبَّكَ لَهُوَ الْعَزِيزُ الرَّحِيمُ,0.66,وَ إِنَّ رَبَّكَ لَهُوَ الْعَزِيزُ الرَّحِيمُ,0.745
,,,,وَ إِنَّ رَبَّكَ لَهُوَ الْعَزِيزُ الرَّحِيمُ,0.66,وَ هُوَ الْغَفُورُ الْوَدُودُ,0.738
"q27 = ""وَلِلّهِ الأَسْمَاء الْحُسْنَى""",1,"q27 = ""ولله الاسما الحسني الله""",1,,,,
,,,,اللَّهُ لَا إِلَهَ إِلَّا هُوَ لَهُ الْأَسْمَاءُ الْحُسْنَىٰ,0.768,اللَّهُ لَا إِلَهَ إِلَّا هُوَ لَهُ الْأَسْمَاءُ الْحُسْنَىٰ,0.683
,,,,هُوَ اللَّهُ الْخَالِقُ الْبَارِئُ الْمُصَوِّرُ لَهُ الْأَسْمَاءُ الْحُسْنَىٰ يُسَبِّحُ لَهُ مَا فِي السَّمَاوَاتِ وَ الْأَرْضِ وَ هُوَ الْعَزِيزُ الْحَكِيمُ,0.607,تَبَارَكَ اسْمُ رَبِّكَ ذِي الْجَلَالِ وَ الْإِكْرَامِ,0.567
,,,,فَتَعَالَى اللَّهُ الْمَلِكُ الْحَقُّ لَا إِلَهَ إِلَّا هُوَ رَبُّ الْعَرْشِ الْكَرِيمِ,0.607,وَ لَا يَحْزُنْكَ قَوْلُهُمْ إِنَّ الْعِزَّةَ لِلَّهِ جَمِيعًا هُوَ السَّمِيعُ الْعَلِيمُ,0.553
,,,,سَبِّحِ اسْمَ رَبِّكَ الْأَعْلَى,0.584,إِنَّ اللَّهَ هُوَ الرَّزَّاقُ ذُو الْقُوَّةِ الْمَتِينُ,0.548
,,,,إِنَّ اللَّهَ هُوَ الرَّزَّاقُ ذُو الْقُوَّةِ الْمَتِينُ,0.576,يُسَبِّحُ لِلَّهِ مَا فِي السَّمَاوَاتِ وَ مَا فِي الْأَرْضِ لَهُ الْمُلْكُ وَ لَهُ الْحَمْدُ وَ هُوَ عَلَىٰ كُلِّ شَيْءٍ قَدِيرٌ,0.513
,,,,تَبَارَكَ اسْمُ رَبِّكَ ذِي الْجَلَالِ وَ الْإِكْرَامِ,0.575,وَ يَبْقَىٰ وَجْهُ رَبِّكَ ذُو الْجَلَالِ وَ الْإِكْرَامِ,0.512
,,,,هُوَ الْحَيُّ لَا إِلَهَ إِلَّا هُوَ فَادْعُوهُ مُخْلِصِينَ لَهُ الدِّينَ الْحَمْدُ لِلَّهِ رَبِّ الْعَالَمِينَ,0.562,فَإِنْ تَوَلَّوْا فَقُلْ حَسْبِيَ اللَّهُ لَا إِلَهَ إِلَّا هُوَ عَلَيْهِ تَوَكَّلْتُ وَ هُوَ رَبُّ الْعَرْشِ الْعَظِيمِ,0.511
,,,,إِنَّ إِلَىٰ رَبِّكَ الرُّجْعَىٰ,0.561,فَتَعَالَى اللَّهُ الْمَلِكُ الْحَقُّ لَا إِلَهَ إِلَّا هُوَ رَبُّ الْعَرْشِ الْكَرِيمِ,0.507
,,,,مِنَ اللَّهِ ذِي الْمَعَارِجِ,0.553,إِنَّ إِلَىٰ رَبِّكَ الرُّجْعَىٰ,0.502
,,,,وَ لِلَّهِ الْأَسْمَاءُ الْحُسْنَىٰ فَادْعُوهُ بِهَا وَ ذَرُوا الَّذِينَ يُلْحِدُونَ فِي أَسْمَائِهِ سَيُجْزَوْنَ مَا كَانُوا يَعْمَلُونَ,0.551,وَ أَنَّهُ هُوَ رَبُّ الشِّعْرَىٰ,0.495
:MRR,1,:MRR,0.914,,,,